SET IDENTITY_INSERT [dbo].[KhuVuc] ON
INSERT INTO [dbo].[KhuVuc] ([MaKhuVuc], [TenKhuVuc]) VALUES (1, N'Viet Nam')
INSERT INTO [dbo].[KhuVuc] ([MaKhuVuc], [TenKhuVuc]) VALUES (2, N'Au My')
INSERT INTO [dbo].[KhuVuc] ([MaKhuVuc], [TenKhuVuc]) VALUES (3, N'Han Quoc')
SET IDENTITY_INSERT [dbo].[KhuVuc] OFF
SET IDENTITY_INSERT [dbo].[BaiHat] ON
INSERT INTO [dbo].[BaiHat] ([MaBaiHat], [TenBaiHat], [MaTheLoai], [MaKhuVuc], [MaCaSi], [MoTa], [HinhAnh], [File]) VALUES (1, N'Anh Đang Ở Đâu Đấy Anh', 1, 1, 6, N'Verse 1:
Em, anh, cô ta, chuyện chúng mình
Giờ đây phải làm sao yên vui như ban đầu
Nhớ, đau, còn người vui nơi khác
Hỏi phải chăng người ta chẳng đếm được ra mình là người thứ ba

ĐK:
Anh đang ở đâu đấy anh
Có hay về em này
Anh chắc đang bận với nơi có tiếng yêu mới
Nên anh đâu nào để ý

Anh đang ở đâu, có trở về không
Hay lạc nhau đến muôn đời
Ngày nhìn anh ra đi
Mưa ngoài trời trắng xóa như nỗi buồn trong em

Verse 2:
Đếm, mong, con tim sao yếu mềm
Vì anh đã vội quên yêu thương lúc ban đầu
Mắt, môi, chuyện buồn em che giấu
Thấy nhưng em lờ đi, chẳng nói một câu đâu phải chẳng biết được

ĐK:
Anh đang ở đâu đấy anh
Có hay về em này
Anh chắc đang bận với nơi có tiếng yêu mới
Nên anh đâu nào để ý

Anh đang ở đâu, có trở về không
Hay lạc nhau đến muôn đời
Ngày nhìn anh ra đi
Mưa ngoài trời trắng xóa như nỗi buồn trong em

Bridge:
Anh đang ở nơi rất xa
Chắc chẳng thể quay về
Em vẫn chờ anh 
Sao chẳng có điều kì tích

Anh đang ở đâu đấy anh
Có hay về em này
Anh chắc đang bận với nơi có tiếng yêu mới
Nên, nên anh sẽ chẳng về nữa

Anh đang ở đâu, anh đang ở đâu
Ta lạc nhau đến muôn đời rồi
Ngày nhìn anh ra đi
Mưa ngoài trời trắng xóa như nỗi buồn trong em', N'Icon-anhdangodaudayanh.jpg', N'Anh-Dang-O-Dau-Day-Anh-Huong-Giang.mp3')
INSERT INTO [dbo].[BaiHat] ([MaBaiHat], [TenBaiHat], [MaTheLoai], [MaKhuVuc], [MaCaSi], [MoTa], [HinhAnh], [File]) VALUES (2, N'Baby', 8, 2, 9, N'"Baby"
(feat. Ludacris)

Ohh wooaah [x3]

You know you love me, I know you care
Just shout whenever, and I''ll be there
You want my love, you want my heart
And we will never ever ever be apart

Are we an item? Girl quit playing
We''re just friends, what are you saying
Say there''s another and look right in my eyes
My first love broke my heart for the first time
And I was like...

Baby, baby, baby oooh
Like baby, baby, baby nooo
Like baby, baby, baby oooh
I thought you''d always be mine (mine)

Baby, baby, baby oooh
Like baby, baby, baby nooo
Like baby, baby, baby oooh
I thought you''d always be mine (mine)

For you, I would have done whatever
And I just can''t believe we ain''t together
And I wanna play it cool, but I''m losin'' you
I''ll buy you anything, I''ll buy you any ring
And I''m in pieces, baby fix me
And just shake me til'' you wake me from this bad dream
I''m going down, down, down, down
And I just can''t believe my first love won''t be around

And I''m like
Baby, baby, baby oooh
Like baby, baby, baby nooo
Like baby, baby, baby oooh
I thought you''d always be mine (mine)

Baby, baby, baby oooh
Like baby, baby, baby nooo
Like baby, baby, baby oooh
I thought you''d always be mine (mine)

[Ludacris:]
Luda! When I was 13, I had my first love,
There was nobody that compared to my baby
and nobody came between us, or could ever come above
She had me going crazy, oh I was star-struck,
she woke me up daily, don’t need no Starbucks.
She made my heart pound, I skip a beat when I see her in the street and
at school on the playground but I really wanna see her on the weekend.
She knows she got me dazing coz she was so amazing
and now my heart is breaking but I just keep on saying...

Baby, baby, baby oooh
Like baby, baby, baby nooo
Like baby, baby, baby oooh
I thought you''d always be mine (mine)

Baby, baby, baby oooh
Like baby, baby, baby nooo
Like baby, baby, baby oooh
I thought you''d always be mine (mine)

I''m gone (Yeah Yeah Yeah, Yeah Yeah Yeah)
All I''m gone (Yeah Yeah Yeah, Yeah Yeah Yeah)
Now I''m all gone (Yeah Yeah Yeah, Yeah Yeah Yeah)
Now I''m all gone (gone, gone, gone...)
I''m gone', N'icon-baby.jpg', N'Baby - Justin Bieber [128kbps_MP3].mp3')
INSERT INTO [dbo].[BaiHat] ([MaBaiHat], [TenBaiHat], [MaTheLoai], [MaKhuVuc], [MaCaSi], [MoTa], [HinhAnh], [File]) VALUES (3, N'Bada Bum', 1, 1, 2, N'Produced by Danny E.B

Intro:

Em à, anh biết, anh không được biết đến như là 1 người viết nhạc tình yêu lãng mạng, 
Và, anh biết, những bài nhạc tình yêu ngoài kia rất nhiều, 
Chứa đầy những câu nói khiến cho tim em say đắm, 
Khiến em mộng mơ, 
"Đôi khi người mà ta có thể tình nguyện thay thế đỡ 1 viên đạn, là người đằng sau khẩu súng."
-Fall Out Boy, 
"Tình yêu, như là 1 ngọn gió, em không thể thấy nó, nhưng cảm giác được nó."
-Nicholas Sparks. 
"Gọi cho anh, những khi nào em thấy cần." 
của... thôi quên đi.

Verse 1:

Đôi khi anh lặng thầm nghe nhịp sóng vỗ, 
Nghe con tim mình trống chỗ, 
Nghe tiếng em nói trong hộp thư, 
Nghe đời bảo "yêu" không phải là 1 chữ, 
Vì anh đã viết lá thư dài 4 trang, 
Đã nghe con tim mình rộn ràng, 
Trò chuyện từ tối đêm qua cho tới sáng, 
Làm sao để biết hy sinh nào mới đáng, 
I know love hurts as soon as I came in, 
And yeah, they all tell me the same thing, 
Rằng tình yêu là 1 điều khó hiểu, 
Nhưng anh hai dạy có chơi phải có chịu, 
Gặp nhau lần này, biết khi nào có lần sau, 
Nếu không xa cách, làm sao biết ta cần nhau,
Thế nên mỗi tối, anh chắp tay và ngẩng đầu,
Mong sao ơn trên có thể nghe lời khẩn cầu,

Hook:
Em khiến con tim đập ba da ba da pum, (x3)
Tâm sự chỉ biết để cho lời ca dùm,

Verse 2:

Em khiến con tim đập ba da ba da pùm, 
Như lời ca anh xem như đã từng, 
Bây giờ với anh, tất cả là quá khứ, 
Mọi lời nói, chỉ còn là giá như, 
Giá như anh đã lùi 1 bước, 
Giá như mà anh đã là người tới trước, 
Giá như em không dùng đá làm trái tim, 
Giá như em là mảnh ghép cả đời anh mãi kiếm, 
Giá như cái tôi của anh bỗng nhỏ đi, 
Giá như em đã không phải bỏ đi, 
Giá như ta yêu mà không cần phải nghĩ, 
Để giờ hai ta đều không còn lại gì.
Em ơi, anh chờ nhưng sao em không đến, 
Có hẹn mà quên, đó là điều không nên, 
Nếu như quay lại, anh vẫn chờ 1 lần nữa, 
Vì trong tim anh, em đã chiếm 1 phần nửa.

Outro:
Và đó là 1 bài nhạc tình yêu mà anh nên phải viết, 
Lãng mạng, trữ tình, êm ắng, văng vẳng bên tai... 
Và có thể dành cho bất cứ người con gái nào. 
Phải không em?', N'Icon-badabum.jpg', N'Ba-Da-Bum-B-Ray.mp3')
INSERT INTO [dbo].[BaiHat] ([MaBaiHat], [TenBaiHat], [MaTheLoai], [MaKhuVuc], [MaCaSi], [MoTa], [HinhAnh], [File]) VALUES (4, N'Boombayah', 3, 3, 3, N'[Intro]
(Hot) BlackPink in your area
(Hot) BlackPink in your area

[Verse 1: Lisa]
Been a bad girl, I know I am
And I’m so hot I need a fan
I don’t want a boy I need a man
[Verse 2: Jennie]
Click-clack botta bing, botta boom
문을 박차면 모두 날 바라봄
굳이 애써 노력 안 해도
모든 남자들은 코피가 팡팡팡
(팡팡 파라파라 팡팡팡)
지금 날 위한 축배를 짠짠짠
내 손엔 bottle full o'' Henny
네가 말로만 듣던 걔가 나야 Jennie

[Pre-Chorus 1: Jisoo &amp; Lisa]
춤추는 불빛은 날 감싸고 도네
Black to the Pink 어디서든 특별해 (Oh yes)
쳐다 보든 말든 I wanna dance
오늘도 봐

[Pre-Chorus 2: Rosé]
좋아, 이 분위기가 좋아
좋아, 난 지금 네가 좋아
정말 반했어 오늘 밤
너와 춤추고 싶어

[Chorus]
붐바야
Yeah 붐바야
Yeah 붐바야
붐붐바 붐붐바 (오빠!)
Yeah
Yeah (오빠!)
Yeah
Yeah 붐밤바 붐바야
((Hot)Black Pink in your area)

[Verse 3: Lisa]
이제 달려야지 뭘 어떡해
난 철 없어 겁 없어 man
Middle finger up F-U pay me
''90s baby, I pump up the jam
달려봐 달려봐 오빠야 Lambo
오늘은 너와 나 젊음을 GAMBLE
감히 날 막지마 혹시나 누가 날 막아도
I’m gonna go Brrrr
Rambo

[Pre-Chorus: Rosé]
네 손이 내 허리를 감싸고 도네
Front to my back
내 몸매는 특별해 (Oh yes)
네 눈빛은 I know you wanna touch
Like touch, touch, touch

[Pre-Chorus 2: Rosé]
좋아, 이 분위기가 좋아
좋아, 난 지금 네가 좋아
정말 멋있어 오늘 밤
너와 춤추고 싶어

[Chorus]
붐바야
Yeah 붐바야
Yeah 붐바야
붐붐바 붐붐바 (오빠!)
Yeah
Yeah (오빠!)
Yeah
Yeah 붐밤바 붐바야

[Outro]
오늘은 맨 정신 따윈 버리고
하늘을 넘어서 올라 갈 거야
끝을 모르게 빨리 달리고 싶어
Let’s go, let’s go
오늘은 맨 정신 따윈 버리고
하늘을 넘어서 올라 갈 거야
끝을 모르게 빨리 달리고 싶어
Let’s go, let’s go', N'Icon-boombaya.jpg', N'Boombayah - BlackPink [128kbps_MP3].mp3')
INSERT INTO [dbo].[BaiHat] ([MaBaiHat], [TenBaiHat], [MaTheLoai], [MaKhuVuc], [MaCaSi], [MoTa], [HinhAnh], [File]) VALUES (5, N'Càng Níu Càng Dễ Mất', 1, 1, 10, N'Intro:
Nếu có nơi tôn thờ Tình Yêu Là Tất Cả
Sẽ có Chốn Vô Vọng để ta buông mình 
Sau những tổn thương mãi không thể hàn gắn
Lời chia tay nào chẳng ưu sầu
Dồn lại bao nhiêu tổn thương, tình yêu gục ngã
Đừng nhìn tôi và hỏi quá nhiều
Vì chuyện tình nào cũng tan vậy thôi...
Nhiều lần tôi ngỡ mình đã tìm
được một người say đắm yêu mình
Ngờ đâu quên mất điều trớ trêu:
"Càng níu giữ, ta càng dễ mất"
Có khi cả cuộc đời, chẳng thể nào may mắn
mãi bên cạnh một người...
Chorus:
Tình yêu đâu ai biết trước 
sẽ bao lần lạc Giữa Hồ Nước Mắt?
Nhớ đến nỗi hao gầy, người vẫn nỡ buông tay!
Tình yêu mong manh nhất là khi dâng trào!
Xóa đi một ký ức tàn nhẫn thế nào..
Từng hơi ấm lỡ trao... giờ vô nghĩa sao?
Tình yêu đâu ai biết đã 
bên nhau rồi, yên ấm rồi... lạc mãi?
Những chiếc hôn sơ sài.. người đã.. nhớ thêm ai?
Càng chạy theo, tình yêu càng xa ta dần
Biết không thuộc về nhau càng cố gắng tìm!
Chỉ cần chút hy vọng... dù bao cách trở
Vì tôi muốn kiếm tìm... Một Người Biết Trân Trọng
(Giang Tấu:
Đừng níu giữ một người vòng tay dần lung lay...
Đừng chạy theo một người chẳng hề biết quay lại...)
Chorus cuối:
Tình yêu đâu phải suối mát giữa sa mạc
Bền lâu đến mấy cũng rẽ ngang
Hạnh phúc nào được mãi mãi?
Càng chạy theo, tình yêu càng xa ta dần
Biết không thuộc về nhau càng cố gắng tìm!
Chỉ cần chút hy vọng... dù bao cách trở
Vì tôi muốn kiếm tìm... Một Người Biết Trân Trọng', N'Icon-Cangniucangdemat.jpg', N'Cang-Niu-Giu-Cang-De-Mat-Mr-Siro.mp3')
INSERT INTO [dbo].[BaiHat] ([MaBaiHat], [TenBaiHat], [MaTheLoai], [MaKhuVuc], [MaCaSi], [MoTa], [HinhAnh], [File]) VALUES (6, N'Con Trai Cưng', 5, 1, 2, N'Con trai cưng của mẹ,
Thích ăn diện lấy le
Bạn bè gọi có mặt riêng ba mẹ nói là nó không nghe,
Con trai cưng của mẹ, chơi hết đời tuổi trẻ
Hơn 20 tuổi đầu nhưng khi ở nhà vẫn là em bé,
Vì nó là, con trai cưng của mẹ nó,
Con trai cưng của mẹ nó,
Con trai cưng chưa bao giờ nhấc ngón tay từ khi bả đẻ nó,
Con trai cưng của mẹ nó, con trai cưng của mẹ nó, (S
Ở ngoài kia phong bão tố về nhà luôn có mẹ chở mẹ che,
Con trai không bao giờ nhớ mẹ,
Con trai không tâm sự với cha,
Con trai chưa bao giờ phải khóc,
Trừ khi mẫu giày nó thích vừa mới ra,
Từ bé thì ba đã đi làm ăn xa, Mẹ là chủ cả tối nào cũng tăng ca,
Nên những cuộc vui sẽ không bao giờ dừng lại đến khi cái ngày ông già nó băng hà,
Gọi nó là con trai, con trai cưng, chưa từng tự mình đứng vững 2 chân,
Gọi là con trai, con trai cưng, quan tài ổng bả không biết để ai bưng,
Con trai, con trai cưng, khắp mọi nơi mà chẳng có ai nhận,
Thằng sanh ra là con của giám đốc, cũng có thằng ông bà già làm nai lưng,
Con, trai,
Thích làm đầu gấu, rất là tự hào nắm đấm có màu máu,
Thích thể hiện, để giữ cái thể diện, rồi lại bất ngờ khi ôm cái đầu máu,
Rồi ai sẽ phải xin lỗi từng nhà, coi mấy thằng bạn mày nó có đứng ra,
Để coi ai thăm viếng, mỗi khi mày kiếm chuyện,
Trong khi mày nằm viện, bà già mày trả tiền,
Đủ lớn để làm, thì đủ lớn để chịu, mày đủ lớn để học, mày đủ lớn để hiểu,
Đủ sức chìa tay ra xin tiền,
Thì phải đủ tự trọng không dùng tiền đó mua sĩ diện.
Hãy để tâm hồn là thánh đường, đừng biến nó thành sở thú,
Để bao nhiêu bạn bè, hay bao nhiêu vật chất, thì cuộc đời của mày cũng không bao giờ đủ.
 
Con trai cưng của mẹ
Thích ăn diện lấy le
Bạn bè gọi có mặt riêng ba mẹ nói là nó không nghe,
Con trai cưng của mẹ, chơi hết đời tuổi trẻ
Hơn 20 tuổi đầu nhưng khi ở nhà vẫn là em bé,
Vì nó là, con trai cưng của mẹ nó,
Con trai cưng của mẹ nó,
Con trai cưng chưa bao giờ nhấc ngón tay từ khi bả đẻ nó,
Con trai cưng của mẹ nó, (mẹ nó) con trai cưng của mẹ nó,
Ở ngoài kia phong bão tố về nhà luôn có mẹ chở mẹ che', N'Icon-Contraicung.jpg', N'Con-Trai-Cung-K-ICM-B-Ray.mp3')
INSERT INTO [dbo].[BaiHat] ([MaBaiHat], [TenBaiHat], [MaTheLoai], [MaKhuVuc], [MaCaSi], [MoTa], [HinhAnh], [File]) VALUES (7, N'Chạm Đáy Nỗi Đau', 6, 1, 5, N'Luôn bên em là tôi... lâu nay không chút thay đổi...
Thế nhưng bây giờ em muốn chia tay vì: Tôi vẫn còn trẻ con
Babe! Kajima! Stay here with me! Kajima!
Hụt hẫng...
Gạt nước mắt nhớ ngày buồn nhất...
 
Không muốn ai thay mình chăm sóc em những ngày tới!
Thoáng nghĩ đã đau lòng nhưng trách ai đây ngoài tôi...
Em bước đi nhẹ nhàng... (Em đang xa tôi nhẹ nhàng)
Nhưng trong anh bão tố! (Giấu hết bão tố trong tim)
 
Chorus:
Nghẹn câu: "Em đừng đi nữa..."
Nhưng tại môi mím chặt chẳng thể một lần nói ra...
Chẳng ai có thể chỉ một ngày mà tốt hơn
Chẳng lầm lỗi nào chỉ một giây mà xóa mờ
Mình không thể lâu dài, chỉ vì tôi ngây ngô!
(Ngốc nghếch nên tình thơ mới chết 
Vô vọng trong bóng tối mình tôi)

Thời gian sẽ minh chứng tất cả 
Và cũng có thể ngoảnh đi bỏ mặc chúng ta..
Ngón tay ấy buông xuôi vì chẳng cần tôi ở bên
Đã từ chối cơ hội để đợi tôi vững vàng
Ngồi khóc giữa cơn mưa, mới thấu đâu là..
Chạm đáy của nỗi đau...
 
Giang tấu:
Ngày cuối ở bên
Môi tôi không thể nuôi can đảm để thốt lên
Rời xa vòng tay
Em cho tôi cảm giác nhung nhớ đến thế nào
Từ biệt chưa nói câu chào mà sao muốn bước đi vội?
Mới có nhau thôi lại xóa hết những yêu thương rồi?
 
Bàn tay tôi nắm chặt
Ngước lên bầu Trời để nước mắt không tuôn rơi
Người là ánh sáng dẫn tôi tìm những giấc mơ
Giờ phía trước mịt mù trong bóng tối 
Nỗi sợ I''m losing you…
 
Ver2:
Babe! Kajima! Stay here with me! Kajima!
Hụt hẫng...
Gạt nước mắt nhớ ngày buồn nhất…
Từ sâu trong lòng
Không muốn ai thay mình chăm sóc em những ngày tới!
Thoáng nghĩ đã đau lòng nhưng trách ai đây ngoài tôi...
Em bước đi nhẹ nhàng... (Em đang xa tôi nhẹ nhàng)
Nhưng trong anh bão tố! (Giấu hết bão tố trong tim)


Chorus cuối:
Babe! Babe! Kajima...
Babe! Babe! Kajima...
Mình không thể lâu dài, chỉ vì tôi ngây ngô!

Thời gian sẽ minh chứng tất cả 
Và cũng có thể ngoảnh đi bỏ mặc chúng ta..
Ngón tay ấy buông xuôi vì chẳng cần tôi ở bên
Đã từ chối cơ hội để đợi tôi vững vàng
Ngồi khóc giữa cơn mưa, mới thấu đâu là..
Chạm đáy của nỗi đau...
...
Không muốn ai thay mình chăm sóc em những ngày tới!
Thoáng nghĩ đã đau lòng nhưng trách ai đây ngoài tôi...', N'Icon-chamdaynoidau.jpg', N'Cham-Day-Noi-Dau-ERIK.mp3')
INSERT INTO [dbo].[BaiHat] ([MaBaiHat], [TenBaiHat], [MaTheLoai], [MaKhuVuc], [MaCaSi], [MoTa], [HinhAnh], [File]) VALUES (8, N'Đã Lỡ Yêu Em Nhiều', 4, 1, 8, N'Đã lỡ yêu em nhiều rồi thì anh chỉ biết ngắm mưa
Nhìn qua hàng cây được bao nhiêu hạt mưa
Là trong anh được bấy nhiêu nỗi nhớ em
Đã lỡ yêu em nhiều rồi thì anh chỉ biết đếm sao
Nhìn lên trời cao được bao nhiêu vì sao
Là trong lòng anh còn bấy nhiêu những nỗi lo
Sợ mình đánh mất em khi, thu vừa sang, lá xanh bỗng úa vàng
Khi mưa còn chưa tới, em thay người yêu mới, oh no no
Sợ mình sẽ khiến em yêu phai nhạt hơn giữa mênh mông bộn bề..
Em ơi chờ anh với
(Chỉ biết nói cho em nghe vậy thôi..)

Vì đã lỡ yêu em rồi, chẳng dám hứa xa xôi
Cứ nhắm mắt em lại và feel my love
Dù nắng mưa bao mùa
Thì tình anh vẫn luôn đây mà
Chẳng phải kiếm đâu xa
Vẫn giữ đó bầu trời của riêng chúng ta
Để gió mang đi về 1 nơi không người..

Đã lỡ yêu em nhiều rồi thì anh chỉ biết thế thôi
Dù mai về sau mình không bên cạnh nhau
Dù tim mình đau khi biết em đã lỡ yêu người
Đã lỡ yêu em nhiều rồi thì anh sẽ bất chấp luôn
Dù mưa, dù giông, dù sông sâu, biển xa
Dù nắng cháy anh cũng không hề lo
Chỉ sợ mình đánh mất em khi, thu vừa sang, lá xanh bỗng úa vàng
Khi mưa còn chưa tới, em thay người yêu mới, oh no no
Sợ mình sẽ khiến em yêu phai nhạt hơn giữa mênh mông bộn bề
Em ơi chờ anh với
(Chỉ biết nói cho em nghe vậy thôi)

Vì đã lỡ yêu em rồi, chẳng dám hứa xa xôi
Cứ nhắm mắt em lại và feel my love
Dù nắng mưa bao mùa
Thì tình anh vẫn luôn đây mà
Chẳng phải kiếm đâu xa
Vẫn giữ đó bầu trời của riêng chúng ta
Để gió mang đi về 1 nơi không người

Đã lỡ yêu..nah nah nah
U know, oh lỡ yêu…nah nah nah
I love you so, bei I love you so
Mình phải bước chậm lại vì ngày mai rất dài
Đã lỡ yêu..nah nah nah
U know, oh lỡ yêu…nah nah nah
I love you so, bei I love you so
Mình phải bước chậm lại, chậm lại..

Vì biết đâu, sớm mai thức dậy
Em không còn đây ôm anh, nhẹ hôn anh
Để tình ta cứ trôi lững lờ
Chờ giông và bão cuốn đi bất ngờ
Rồi lỡ đâu, giấc mơ không thành
Em không còn kề vai anh, tình mong manh
1 người đứng cứ trông với chờ, người kia thì ôm giấc mơ.. 

Vì đã lỡ yêu em rồi, chẳng dám hứa xa xôi
(Chẳng dám hứa thêm gì nữa no no no no no)
Cứ nhắm mắt em lại và feel my love
(Can you feel my love, love bei?)
(Dù cho bao mùa anh vẫn sẽ đây)
Chẳng phải kiếm đâu xa
(I love you so
Love you so
Love you so
I love you so..)
Đã lỡ yêu..vì 1 người lỡ yêu, lỡ yêu..', N'Icon-daloyeuemnhieu.jpg', N'Da-Lo-Yeu-Em-Nhieu-JustaTee.mp3')
INSERT INTO [dbo].[BaiHat] ([MaBaiHat], [TenBaiHat], [MaTheLoai], [MaKhuVuc], [MaCaSi], [MoTa], [HinhAnh], [File]) VALUES (9, N'Ddu Du Ddu Du', 6, 3, 3, N'[Intro: All, Rosé]
BLACKPINK!
Ah yeah, ay yeah!
BLACKPINK!
Ah yeah, ay yeah!

[Verse 1: Jennie]
Chakan eolgure geureochi mothan taedo
Ganyeorin mommae sok garyeojin volumeeun du baero
Geochimeopsi jikjin guji bojin anchi nunchi
Black hamyeon Pink urin yeppeujanghan Savage

[Verse 2: Lisa]
Wonhal ttaen daenoko ppaetji
Neon mwol haedo kallo mul begi
Du sonen gadeukan fat check
Gunggeumhamyeon haebwa fact check
Nun nopin kkokdaegi
Mul mannan mulgogi
Jom dokae nan Toxic
You hokae I`m Foxy

[Pre-Chorus: Rosé &amp; Jisoo]
Du beon saenggakae
Heunhan namdeulcheoreom chakan cheogeun mot hanikka
Chakgakaji ma
Swipge useojuneun geon nal wihan geoya
Ajigeun jal moreugetji
Guji wonhamyeon test me
Neon bul bodeusi ppeonhae
Manmanhan geol wonhaetdamyeon

[Chorus: Jennie]
Oh wait til’ I do what I do
Hit you with that ddu-du ddu-du du (Ah yeah, ay yeah!)
Hit you with that ddu-du ddu-du du (Ah yeah, ay yeah!)

[Verse 2: Jennie]
Jigeum naega georeoganeun georin
BLACKPINK 4 way sageori
Dongseonambuk sabangeuro run it
Neone beokitriseuteu ssak da I bought it
Neol danggineun geotdo meolli milchineun geotdo
Jemeotdaero haneun bad girl
Jokeon sileohageon nuga mwora hadeon
When the bass drop it’s another banger

[Pre-Chorus: Jisoo &amp; Rosé]
Du beon saenggakae
Heunhan namdeulcheoreom chakan cheogeun mot hanikka
Chakgakaji ma
Swipge useojuneun geon nal wihan geoya
Ajigeun jal moreugetji
Guji wonhamyeon test me
Neon bul bodeusi ppeonhae
Manmanhan geol wonhaetdamyeon

[Chorus: Jennie, Lisa]
Oh wait til’ I do what I do
Hit you with that ddu-du ddu-du du (Ah yeah, ay yeah!)
Hit you with that ddu-du ddu-du du (Ah yeah, ay yeah!)

[Bridge: Rosé &amp; Lisa]
What you gonna do when I
Come come through with that that uh uh huh
What you gonna do when I
Come come through with that that uh uh huh
Tteugeowo tteugeowo tteugeowo like fire
Tteugeowo tteugeowo tteugeowo like fire

[Drop: All, Jisoo &amp; Rosé]
BLACKPINK! Hey!
Ah yeah, ay yeah! Ah yeah, ay yeah!
Tteugeowo tteugeowo tteugeowo like fire
Tteugeowo tteugeowo tteugeowo like fire

[Outro: Jennie]
Hit you with that ddu-du ddu-du du', N'Icon-ddudu.jpg', N'Ddu-Du Ddu-Du - BlackPink [128kbps_MP3].mp3')
INSERT INTO [dbo].[BaiHat] ([MaBaiHat], [TenBaiHat], [MaTheLoai], [MaKhuVuc], [MaCaSi], [MoTa], [HinhAnh], [File]) VALUES (10, N'Đi Để Trở Về', 1, 1, 13, N'ĐI ĐỂ TRỞ VỀ
Sáng tác: Tiên Cookie

Verse:
Tôi đang ở một nơi rất xa, nơi không có khói bụi thành phố
Ở một nơi đẹp như mơ
Trên cao êm êm mây trắng bay lặng nhìn biển rộng sóng vỗ 
Cuộc đời tôi là những chuyến đi dài

Pre:
Vượt suối thác, vượt núi dốc, dù chênh vênh, có xá gì 
Có biết bao thứ tươi đẹp vẫn cứ ở đó đang chờ tôi
Người xung quanh ở nơi đây thật dễ mến dẫu mới gặp
Ánh mắt lấp lánh hiền hoà chào tôi chào người bạn mới

Chorus:
Từng chặng đường dài mà ta qua, giờ ngồi một mình lại thấy nhớ
Ngày ngày mặt trời rạng ngời vươn cao lên từ trên mái nhà 
Từng chặng đường dài mà ta qua đều để lại kỉ niệm quý giá 
Để lại một điều rằng càng đi xa ta càng thêm nhớ nhà

Đi thật xa để trở về
Đi thật xa để trở về
Có một nơi để trở về 
Đi, Đi để trở về

Verse II:
Tôi đang ở một nơi rất xa, nơi không có khói bụi thành phố
Ở một nơi đẹp như mơ
Trên cao êm êm mây trắng bay lặng nhìn biển rộng sóng vỗ 
Cuộc đời tôi là những chuyến đi dài

pre:
Vượt suối thác, vượt núi dốc, dù chênh vênh, có xá gì 
Có biết bao thứ tươi đẹp còn đang trông mong tôi ghé qua
Người xung quanh ở nơi đây thật dễ mến dẫu mới gặp
Ánh mắt lấp lánh hiền hoà chào tôi chào người bạn mới

Chorus:
Từng chặng đường dài mà ta qua, giờ ngồi một mình lại thấy nhớ
Ngày ngày mặt trời rạng ngời vươn cao lên từ trên mái nhà 
Từng chặng đường dài mà ta qua đều để lại kỉ niệm quý giá 
Để lại một điều rằng càng đi xa ta càng thêm nhớ nhà

Đi thật xa để trở về
Đi thật xa để trở về
Có một nơi để trở về 
Đi, Đi để trở về

Brigde:

Cuộc đời thật đẹp khi được đi muôn nơi xa xôi rộng lớn
Nhưng ta vẫn có nơi để trở về sau mỗi chuyến đi
Điều kì diệu là con người ta đi xa hơn để trưởng thành hơn
Không quên mang theo bên cạnh hành trang nỗi nhớ gia đình', N'Icon-didetrove.jpg', N'Di-De-Tro-Ve-Soobin-Hoang-Son.mp3')
INSERT INTO [dbo].[BaiHat] ([MaBaiHat], [TenBaiHat], [MaTheLoai], [MaKhuVuc], [MaCaSi], [MoTa], [HinhAnh], [File]) VALUES (11, N'Em Của Ngày Hôm Qua', 3, 1, 12, N'Eh eh eh…
Em đang nơi nào…
Can you feel me.
Can you feel me.
Eh eh eh
M-tp

Liệu rằng chia tay trong em có quên được câu ca.
Tình yêu khi xưa em trao cho anh đâu nào phôi pha.
Đừng lừa dối con tim anh,em sẽ không buông tay anh được đâu mà.(Em không thể bước đi)
Gạt nước mắt yếu đuối đó cứ quay lại nơi anh.
Em biết rằng cơn mưa qua đâu có che lấp được nụ cười đau thương kia.
Nước mắt đó vẫn rơi vì em..Oh baby..No baby..

Đừng nhìn anh nữa,đôi mắt ngày xưa giờ ở đâu???
Em còn là em?
Em đã khác rồi.
Em muốn quay lưng quên hết đi(Thật vậy sao?)
Tình yêu trong em giờ toàn giả dối.
Anh không muốn vùi mình trong mơ.
Anh không muốn đi tìm giấc mơ ngày hôm nao.

Đừng vội vàng em hãy là em của ngày hôm qua.
Uhhhhhhh..
Xin hãy là em của ngày hôm qua.
Uhhhhhhh..
Đừng bỏ mặc anh một mình nơi đây.
Uhhhhhhh..
Dừng lại và xoá nhẹ đi kí ức.
Uhhhhhhh..
Chìm đắm vào những lời ca dịu êm thưở nào.

Mưa đang rơi.
Đôi tay buông lơi.
Mình anh ngồi đây tìm lại những khoảng không dường như chơi vơi.
Thật ngu ngốc.
Vu vơ.
Lang thang trên con đường tìm lại giấc mơ.
Dường như đã quá xa.
Và em không còn thiết tha.
Nắm lấy đôi tay anh muốn giữ em ở lại.
Nếu cứ tiếp tục cả hai sẽ phải khổ đau.
Đừng cố tỏ ra mạnh mẽ.
Đó đâu phải là em.
Vậy đi… TẠM BIỆT EM ..!

Nhắm mắt lại hãy nghĩ đi.
Lâu nay em sống cho mình em mà.
Phải không em hỡi người…???
Tìm lại thời gian của riêng đôi ta.
Nhưng sao trong anh đã quá tuyệt vọng.
Sự thật đang bủa vây nơi anh.
Forget baby…!!!!!

Đừng nhìn anh nữa,đôi mắt ngày xưa giờ ở đâu???
Em còn là em?
Em đã khác rồi.
Em muốn quay lưng quên hết đi.
Tình yêu trong em giờ toàn giả dối.
Anh không muốn vùi mình trong mơ.
Anh không muốn đi tìm giấc mơ ngày hôm nao.

Đừng vội vàng em hãy là em của ngày hôm qua.
Uhhhhhhh..
Xin hãy là em của ngày hôm qua.
Uhhhhhhh..
Đừng bỏ mặc anh một mình nơi đây.
Uhhhhhhh..
Dừng lại và xoá nhẹ đi kí ức.
Uhhhhhhh..

Em mang những cảm xúc theo người mất rồi …!

Em mang tiếng cười.
Em mang hạnh phúc đi rời xa.
Xung quanh chỉ còn mỗi anh và những nỗi đau.
Hãy xoá sạch hết đi…Đừng vấn vương..
Vì em.
Do em.
Chính em.
Hãy mang hết đi……

Người cứ vội vàng.
Người cứ vội vàng.
Xin hãy là em của ngày hôm qua.
Người bước xa rồi.
Và người đã bước xa rồi.

Đừng vội vàng em hãy là em của ngày hôm qua.
Uhhhhhhh..
Xin hãy là em của ngày hôm qua.
Uhhhhhhh..
Đừng bỏ mặc anh một mình nơi đây.
Uhhhhhhh..
Dừng lại và xoá nhẹ đi kí ức.
Uhhhhhhh..

Đừng vội vàng em hãy là em của ngày hôm qua.
Em đã quên chưa?
Xin hãy là em của ngày hôm qua.
Anh nghĩ những dòng cảm xúc trong em giờ đã hết thật rồi đấy!!
Đừng bỏ mặc anh một mình nơi đây.
Chẳng còn gì cả.
Dừng lại và xoá nhẹ đi kí ức.
Em hãy là em của ngày hôm qua đi … Xin em đấy ..!', N'Icon-emcuangayhomqua.jpg', N'Em-Cua-Ngay-Hom-Qua-Son-Tung-M-TP.mp3')
INSERT INTO [dbo].[BaiHat] ([MaBaiHat], [TenBaiHat], [MaTheLoai], [MaKhuVuc], [MaCaSi], [MoTa], [HinhAnh], [File]) VALUES (12, N'Em Không Thể', 1, 1, 14, N'Ver1:

Em vẫn nhớ như in những lần xa nhau chỉ cần quay lưng chớp mắt.
Em đã nhớ anh da diết thật thà mong sẽ gần nhau thêm đôi chút.

Hãy cho em biết
điều này sắp kết thúc
Anh có buồn không?
—
Chorus:
Em không thể biến mùa hạ thành đông
như cũng không thể khiến anh về bên em
Em không thể viết xong bản tình ca cho chúng ta vì biết ai còn lắng nghe.

Em không thể,
na na na na na na na
Em không thể, em không thể,
na na na na na na na
Em không thể, em không thể..


Em không nhớ đôi ta đã từng bên nhau mấy lần hoàng hôn như thế.
Từng ánh mắt trao nhau tiếng cười nay đâu chỉ còn khoảng không trống vắng.

Hãy cho em biết 
điều mà em muốn biết 
Anh có buồn không?

Chorus:
Em không thể biến mùa hạ thành đông
như cũng không thể khiến anh về bên em
Em không thể viết xong bản tình ca cho chúng ta vì biết ai còn lắng nghe.

Em không thể,
na na na na na na na
Em không thể, em không thể,
na na na na na na na
Em không thể, em không thể..

—
Brige:

Khi anh đi, là em biết anh đã muốn dừng lại. Nhìn vào em anh hãy nói, sự lặng im kia thay câu trả lời.
Khi anh đi trời đất kia như cuồng quay, mà anh đâu cần, anh đâu nào biết.

Chorus:
Em không thể biến mùa hạ thành đông
như cũng không thể khiến anh về bên em
Em không thể viết xong bản tình ca cho chúng ta vì biết ai còn lắng nghe.

Em không thể,
na na na na na na na
Em không thể, em không thể,
na na na na na na na
Em không thể, em không thể..', N'Icon-Emkhongthe.jpg', N'Em-Khong-The-Tien-Tien-Touliver.mp3')
INSERT INTO [dbo].[BaiHat] ([MaBaiHat], [TenBaiHat], [MaTheLoai], [MaKhuVuc], [MaCaSi], [MoTa], [HinhAnh], [File]) VALUES (13, N'Forever Alone', 7, 1, 8, N'Một nụ cười luôn hé, Thế Giới vẫn quay
Còn tôi vẫn nơi đây, đưa bàn tay lên trời xanh, ôm trọn vào lòng
Một khoảng trời nhỏ bé, giữa những khát khao
Cơ mà chỉ tôi với riêng tôi, đêm nằm nghe
Một bài ca, về Tình Yêu, ôi chán ngán
Lang thang 1 mình, cũng chẳng làm sao
Bao nhiêu lâu nay tôi đã quen rồi, quen rồi, quen 1 mình như thế
Yêu thêm 1 người, có chắc là mình sẽ good lên, hay là chỉ thêm đau đầu?

Vậy thì đành thôi, Forever, Forever (Forever Alone)
Đành 1 mình thôi Forever, Forever (Forever Alone)
Vậy thì đành thôi, Forever, Forever (Forever Alone)
Đành 1 mình thôi Forever, Forever (Forever Alone)

Forever (Alone, Alone, Alone, Alone, Alone, Alone) x2
Forever (Alone, Alone, Alone, Alone, Alone, Alone) x2
TÔI CÔ ĐƠN!

Một cuộc tình nữa đến, được 1 thời rồi đi
Những vết thương cứ thế cứ to dần làm tôi chẳng tin vào 1 điều gì là mãi mãi
Chỉ có ở trong phim mà thôi
Nên đừng có ai ham mộng mơ đến túp lều tranh với 2 quả tim vàng
Lang thang 1 mình, cũng chẳng làm sao
Bao nhiêu lâu nay tôi đã quen rồi, quen rồi, quen 1 mình như thế
Yêu thêm 1 người, có chắc là mình sẽ good lên, hay là chỉ thêm đau đầu?

Vậy thì đành thôi, Forever, Forever (Forever Alone)
Đành 1 mình thôi Forever, Forever (Forever Alone)
Vậy thì đành thôi, Forever, Forever (Forever Alone)
Đành 1 mình thôi Forever, Forever (Forever Alone)

Forever (Alone, Alone, Alone, Alone, Alone, Alone) x2
Forever (Alone, Alone, Alone, Alone, Alone, Alone) x2
TÔI CÔ ĐƠN!

Ngoài kia đôi lứa đang say mê chung đôi vui buồn có nhau
Ngồi đây tôi hát cho riêng mỗi mình mình vui buồn chỉ có tôi
Dừng chân đôi lúc trên con đường dài không có ai để nhớ thương
Thì ra hạnh phúc bấy lâu nay tôi tìm là được tung hoành khắp 4 phương
Đông, Tây và Nam, Bắc (Tôi đi…)
Chẳng cần 1 ai hết (Tôi đi…)
Cô đơn nhưng tôi chắc
Rằng mình luôn yêu mến cuộc sống muôn màu
Dù đôi khi hay cân nhắc, gió Đông Bắc về đôi tay lạnh ngắt
Mà tìm hơi ấm trong ngàn trái tim ngoài đó thôi thà
Chúng ta cùng hát vang chung bài ca

Forever, Forever (Forever Alone)
Đành 1 mình thôi Forever, Forever (Forever Alone)
Vậy thì đành thôi, Forever, Forever (Forever Alone)
Đành 1 mình thôi Forever, Forever (Forever Alone)

Forever (Alone, Alone, Alone, Alone, Alone, Alone) x2
Forever (Alone, Alone, Alone, Alone, Alone, Alone) x2
TÔI CÔ ĐƠN!', N'Icon-fa.jpg', N'Forever-Alone-Nong-JustaTee-BigDaddy.mp3')
INSERT INTO [dbo].[BaiHat] ([MaBaiHat], [TenBaiHat], [MaTheLoai], [MaKhuVuc], [MaCaSi], [MoTa], [HinhAnh], [File]) VALUES (14, N'Hongkong1', 7, 1, 11, N'Và giờ anh biết chuyện tình mình chẳng còn gì
Khi nắng xuân sang lời mật ngọt còn thầm thì
Em bước sang ngang đợi chờ một điều diệu kì 
Như lúc ban đầu 
Và giờ em khóc thì cũng chẳng để làm gì
Đâu phải cho anh chuyện tình mình mà là vì
Em đã trao ai, dòng lệ tràn đầy cầu kì 
Những năm tháng phai nhòa 
Nếu...
Trái tim mình nói không nên lời 
Đắng cay từng tiếng yêu xa vời
Thế là...
Và hôm nay em đến 
Nhưng nắng đâu còn thiết tha gọi mời 
Gió âm thầm lướt qua muôn đời 
Vì ai vì ai
Nếu...
Đóa hoa hồng trước kia trở về
Nhánh hương tình thoảng trên câu thề 
Anh ước rằng 
Rằng một mai a đến
Anh đón em vào sớm mai trong lành 
Nhưng đó mãi là giấc mơ ko thành 
Vì ai vì ai...
Vì giờ a biết chuyện tình mình chẳng còn gì
Khi nắng xuân sang lời mật ngọt còn thầm thì
Em bước sang ngang đợi chờ một điều diệu kì 
Như lúc ban đầu 
Và giờ em khóc thì cũng chẳng để làm gì
Đâu phải cho anh chuyện tình mình mà là vì
Nước mắt em rơi ,dòng lệ tràn đầy cầu kì 
Những năm tháng phai nhòa', N'Icon-Hongkong1.jpg', N'Hongkong1-Official-Version-Nguyen-Trong-Tai-San-Ji-Double-X.mp3')
INSERT INTO [dbo].[BaiHat] ([MaBaiHat], [TenBaiHat], [MaTheLoai], [MaKhuVuc], [MaCaSi], [MoTa], [HinhAnh], [File]) VALUES (15, N'Lạc Trôi', 3, 1, 12, N'Người theo hương hoa mây mù giăng lối
Làn sương khói phôi phai đưa bước ai xa rồi
Đơn côi mình ta vấn vương hồi ức trong men say chiều mưa buồn
Ngăn giọt lệ ngừng khiến khoé mi sầu bi.

Đường xưa nơi cố nhân từ giã biệt li
Cánh hoa rụng rời
Phận duyên mong manh rẽ lối trong mơ ngày tương phùng.

[ĐK:]
Tiếng khóc cuốn theo làn gió bay
Thuyền ai qua sông lỡ quên vớt ánh trăng tàn nơi này
Trống vắng bóng ai dần hao gầy.

Lòng ta xin nguyện khắc ghi trong tim tình nồng mê say
Mặc cho tóc mây vươn lên đôi môi cay
Bâng khuâng mình ta lạc trôi giữa đời
Ta lạc trôi giữa trời.

[Rap:]
Đôi chân lang thang về nơi đâu
Bao yêu thương giờ nơi đâu
Câu thơ tình xưa vội phai mờ
Theo làn sương tan biến trong cõi mơ
Mưa bụi vươn trên làn mi mắt
Ngày chia lìa hoa rơi buồn hiu hắt
Tiếng đàn ai thêm sầu tương tư lặng mình trong chiều hoàng hôn
Tan vào lời ca
Lối mòn đường vắng một mình ta
Nắng chiều vàng úa nhuộm ngày qua
Xin đừng quay lưng xoá
Đừng mang câu hẹn ước kia rời xa
Yên bình nơi nào đây
Trôn vùi theo làn mây.

Ta đang lạc nơi nào
Ta đang lạc nơi nào
Lối mòn đường vắng một mình ta
Ta đang lạc nơi nào
Nắng chiều vàng úa nhuộm ngày qua
Ta đang lạc nơi nào.', N'Icon-LacTroi.jpg', N'Lac-Troi-Son-Tung-M-TP.mp3')
INSERT INTO [dbo].[BaiHat] ([MaBaiHat], [TenBaiHat], [MaTheLoai], [MaKhuVuc], [MaCaSi], [MoTa], [HinhAnh], [File]) VALUES (16, N'Mình Chia Tay Đi', 6, 1, 5, N'Verse:
Đã mất nhau thật rồi bởi vì em quá nhiều đổi thay
Đã mệt mỏi khi cố gắng chấp nhận
Sau những gì anh đã trao về em, thì em có quá nhẫn tâm không?

Đừng nói yêu làm gì vì anh đã nhiều tổn thương
Môi im lặng nhưng trong tim cảm nhận
Hết những lời cay đắng
Còn yêu thương đã đi về đâu?
 
Pre-chorus 
Giấu đi những niềm đau, rồi ta sẽ ra sao?
Ngồi bên nhau nhưng vẫn thấy cô đơn biết bao
Ghì chặt vào cơn đau, để nước mắt lặng xuống
Lòng càng cố níu kéo tay càng buông

Chorus 1:
Vì em, anh sẽ ra đi, để em được vui
Buồn thêm chút nữa anh cũng ngậm ngùi
Xóa tên của anh trong ký ức
Em sẽ hạnh phúc hơn

Vì em anh sẽ, một mình nhận lấy
Giông tố ngoài kia
Bình yên em hãy giữ cho em
Chỉ cần em luôn vui
Vì đó cũng chỉ là
Điều cuối anh cần làm trước lúc ta… chia ly

 
 
 
Pre-chorus 2: 
Giấu đi những niềm đau, rồi ta sẽ ra sao?
Ngồi bên nhau nhưng vẫn thấy cô đơn biết bao
Ghì chặt vào cơn đau, để nước mắt lặng xuống
Lòng càng cố níu kéo tay càng buông

Chorus 2:
Vì em, anh sẽ ra đi, để em được vui
Buồn thêm chút nữa anh cũng ngậm ngùi
Xóa tên của anh trong ký ức
Em sẽ hạnh phúc hơn

Vì em anh sẽ, một mình nhận lấy
Giông tố ngoài kia
Bình yên em hãy giữ cho em
Chỉ cần em luôn vui
Vì đó cũng chỉ là
Một điều anh cần làm khi đã biết
Anh mất em mãi mãi rồi

Bridge:
Một người nhắc tên em, ngỡ rằng anh đã quên
Nhưng vẫn đau như ngày đầu tiên
Thì đừng nhớ tên anh, đừng cố gắng nữa chi
Niềm vui cho em, là khi chẳng còn anh ở bên
Chorus 3:
Hãy quên, chúng ta từng yêu, từng hạnh phúc quá nhiều
Thời gian sẽ xóa đi hết bao điều
Hứa bên cạnh nhau mãi mãi
Rồi cứ thế cũng nhạt phai

Ngày đầu bên nhau, đã là lầm lỗi
Yêu em anh đã sai
Thì thôi coi như chưa bắt đầu
Dù mai anh ra đi
Điều cuối anh cần làm
Là thấy em được hạnh phúc với ai', N'Icon-minhchiataydi.jpg', N'Minh-Chia-Tay-Di-ERIK.mp3')
INSERT INTO [dbo].[BaiHat] ([MaBaiHat], [TenBaiHat], [MaTheLoai], [MaKhuVuc], [MaCaSi], [MoTa], [HinhAnh], [File]) VALUES (17, N'Nơi Này Có Anh', 6, 1, 12, N'Em là ai từ đâu bước đến nơi đây dịu dàng chân phương
Em là ai tựa như ánh nắng ban mai ngọt ngào trong sương
Ngắm em thật lâu con tim anh yếu mềm
Đắm say từ phút đó từng giây trôi yêu thêm.

Bao ngày qua bình minh đánh thức xua tan bộn bề nơi anh
Bao ngày qua niềm thương nỗi nhớ bay theo bầu trời trong xanh
Liếc đôi hàng mi mong manh anh thẫn thờ
Muốn hôn nhẹ mái tóc bờ môi em, anh mơ.

[ĐK:]
Cầm tay anh, dựa vai anh
Kề bên anh nơi này có anh
Gió mang câu tình ca
Ngàn ánh sao vụt qua nhẹ ôm lấy em
(Yêu em thương em con tim anh chân thành).

Cầm tay anh, dựa vai anh
Kề bên anh nơi này có anh
Khép đôi mi thật lâu
Nguyện mãi bên cạnh nhau
Yêu say đắm như ngày đầu.

Mùa xuân đến bình yên cho anh những giấc mơ
Hạ lưu giữ ngày mưa ngọt ngào nên thơ
Mùa thu lá vàng rơi đông sang anh nhớ em
Tình yêu bé nhỏ xin dành tặng riêng em.

[Rap:]
Còn đó tiếng nói ấy bên tai vấn vương bao ngày qua
Ánh mắt bối rối nhớ thương bao ngày qua
Yêu em anh thẫn thờ, con tim bâng khuâng đâu có ngờ
Chẳng bao giờ phải mong chờ
Đợi ai trong chiều hoàng hôn mờ
Đắm chìm hoà vào vần thơ
Ngắm nhìn khờ dại mộng mơ
Đừng bước vội vàng rồi làm ngơ
Lạnh lùng đó làm bộ dạng thờ ơ
Nhìn anh đi em nha
Hướng nụ cười cho riêng anh nha
Đơn giản là yêu con tim anh lên tiếng thôi.

* Uhhhhhhhh nhớ thương em 
Uhhhhhhhh nhớ thương em lắm
Ahhhhhhh phía sau chân trời
Có ai băng qua lối về cùng em đi trên đoạn đường dài.', N'Icon-Noinaycoanh.jpg', N'Noi-Nay-Co-Anh-Son-Tung-M-TP.mp3')
INSERT INTO [dbo].[BaiHat] ([MaBaiHat], [TenBaiHat], [MaTheLoai], [MaKhuVuc], [MaCaSi], [MoTa], [HinhAnh], [File]) VALUES (18, N'Say You Do', 1, 1, 14, N'Ta gặp nhau 1 chiều thu tháng 10, vì nụ cười ấy cho em nhớ mong từng ngày.
Đêm về nghe lòng thương anh mất rồi, ngại vì mình con gái.. phải làm sao?! Trời ơi.. Trời ơii !!!

Chorus:
Lỡ buông lời yêu anh, sợ anh xa lánh. Biết sao giờ vì chỉ thấy nắng trong tim mình.
SAY YOU DO, SAY YOU DO !!!

Lỡ mai mình yêu nhau, đừng cho em ngóng những trưa hẹn dù trời nắng hay mwa trên đầu.
SAY YOU DO, SAY YOU DO !!!

Brige:
Em nằm mơ nói tiếng yêu anh.
Vì mai là thức giấc sẽ không dám cho anh 1 ngàn tiếng ca.
Em yêu anh, em yêu anh, yeah yeah yeahhhhh', N'Icon-vitoiconsong.jpg', N'Say-You-Do-Tien-Tien.mp3')
INSERT INTO [dbo].[BaiHat] ([MaBaiHat], [TenBaiHat], [MaTheLoai], [MaKhuVuc], [MaCaSi], [MoTa], [HinhAnh], [File]) VALUES (19, N'SOLO', 5, 3, 7, N'cheonjinnanman cheongsungaryeon
saechimhan cheok ijen jichyeo na
gwichanha

maeil mwo hae eodiya babeun jal ja
Baby jagi yeobo bogo sipeo
da bujileopseo
You got me like

igeon amu gamdong eopsneun
Love Story
eotteon seollemdo eotteon uimido
negen mianhajiman
I’m not sorry
oneulbuteo nan nan nan

bichi naneun sollo
bichi naneun sollo
I’m going solo lo lo lo lo lo
I’m going solo lo lo lo lo lo

Used to be your girl
Now I’m used to
being the GOAT
You’re sittin’ on your feelings
I’m sittin’ on my throne
I ain’t got no time
for the troubles in your eyes
This time I’m only lookin’ at me
myself and I
I’m goin’ solo
I’ma do it on my own now
Now that you’re alone
got you lookin’ for a clone now
So low
That’s how I’m gettin’ down
Destined for this and the crown
Sing it loud like

igeon amu gamdong eopsneun
Love Story
eotteon seollemdo eotteon uimido
negen mianhajiman
I’m not sorry
oneulbuteo nan nan nan

bichi naneun sollo
bichi naneun sollo
I’m going solo lo lo lo lo lo
I’m going solo lo lo lo lo lo

mannam seollem gamdong dwien
ibyeol nunmul huhoe geurium
holloin ge joha nan nadawoya hanikka

jayuroun baramcheoreom
gureum wie byeoldeulcheoreom
meolli gago sipeo balkge bichnago sipeo

bichi naneun sollo
I’m going solo lo lo lo lo lo
I’m going solo lo lo lo lo lo', N'Icon-solo.jpg', N'Solo - Jennie [128kbps_MP3].mp3')
INSERT INTO [dbo].[BaiHat] ([MaBaiHat], [TenBaiHat], [MaTheLoai], [MaKhuVuc], [MaCaSi], [MoTa], [HinhAnh], [File]) VALUES (20, N'Túy Âm', 3, 1, 15, N'Rót đến tràn ly, anh chìm đắm trong men cay đắng nồng,
Khóc chát làn mi, uống cùng anh cho đêm nay say chất ngất !
Dẫu năm tháng ấy còn đâu những đam mê ta kiếm tìm?
Màu mắt xanh ngời lạc giữa mây ngàn về chốn xa xôi...
Hãy say cùng anh, hãy hát cùng anh, hãy khóc cùng anh
Thêm 1 lần...
Để anh được gần trái tim của em dù trong phút giây,
Hình bóng người tan biến dần phía sau những nỗi sầu,
Với em chắc quá đủ cho một mối tình...
Dẫu em không thể ở lại với anh,
Mình chẳng cùng với nhau đi hết quãng đường, ôm ấp hi vọng một ngày ngát xanh...
Tháng năm thăng trầm dòng đời ngả nghiêng,
Mình tự rời bỏ nhau,
Say đến điên dại, say hết kiếp người, say cho cháy lòng...', N'Icon-tuyam.jpg', N'Tuy Am - Xesi_ Masew_ Nhat Nguyen [128kbps_MP3].mp3')
INSERT INTO [dbo].[BaiHat] ([MaBaiHat], [TenBaiHat], [MaTheLoai], [MaKhuVuc], [MaCaSi], [MoTa], [HinhAnh], [File]) VALUES (21, N'Thank U, Next', 8, 2, 1, N'[Verse 1]
Thought I''d end up with Sean
But he wasn''t a match
Wrote some songs about Ricky
Now I listen and laugh
Even almost got married
And for Pete, I''m so thankful
Wish I could say, "Thank you" to Malcolm
''Cause he was an angel

[Pre-Chorus]
One taught me love
One taught me patience
And one taught me pain
Now, I''m so amazing
I''ve loved and I''ve lost
But that''s not what I see
So, look what I got
Look what you taught me
And for that, I say

[Chorus]
Thank you, next (Next)
Thank you, next (Next)
Thank you, next
I''m so fuckin'' grateful for my ex
Thank you, next (Next)
Thank you, next (Next)
Thank you, next (Next)
I''m so fuckin''—

[Verse 2]
Spend more time with my friends
I ain''t worried ''bout nothin''
Plus, I met someone else
We havin'' better discussions
I know they say I move on too fast
But this one gon'' last
''Cause her name is Ari
And I''m so good with that (So good with that)

[Pre-Chorus]
She taught me love (Love)
She taught me patience (Patience)
And she handles pain (Pain)
That shit''s amazing (Yeah, she''s amazing)
I''ve loved and I''ve lost (Yeah, yeah)
But that''s not what I see (Yeah, yeah)
Just look what I''ve found (Yeah, yeah)
Ain''t no need for searching, and for that, I say

[Chorus]
Thank you, next (Thank you, next)
Thank you, next (Thank you, next)
Thank you, next (Thank you)
I''m so fuckin'' grateful for my ex
Thank you, next (Thank you, next)
Thank you, next (Said thank you, next)
Thank you, next (Next)
I''m so fuckin'' grateful for my ex

[Post-Chorus]
Thank you, next
Thank you, next
Thank you, next
I''m so fucking—

[Bridge]
One day I''ll walk down the aisle
Holding hands with my mama
I''ll be thanking my dad
''Cause she grew from the drama
Only wanna do it once, real bad
Gon'' make that shit last
God forbid something happens
Least this song is a smash (Song is a smash)

[Pre-Chorus]
I''ve got so much love (Love)
Got so much patience (Patience)
I''ve learned from the pain (Pain)
I turned out amazing (Turned out amazing)
I''ve loved and I''ve lost (Yeah, yeah)
But that''s not what I see (Yeah, yeah)
Just look what I''ve found (Yeah, yeah)
Ain''t no need for searching
And for that, I''ll say

[Chorus]
Thank you, next (Thank you, next)
Thank you, next (Thank you, next)
Thank you, next
I''m so fuckin'' grateful for my ex
Thank you, next (Thank you, next)
Thank you, next (Said thank you, next)
Thank you, next (Next)
I''m so fuckin'' grateful for my ex

[Post-Chorus]
Thank you, next
Thank you, next
Thank you, next
Yeah, yee
Thank you, next
Thank you, next
Thank you, next
Yeah, yee', N'Icon-tyn.jpg', N'Thank U_ Next - Ariana Grande [128kbps_MP3].mp3')
INSERT INTO [dbo].[BaiHat] ([MaBaiHat], [TenBaiHat], [MaTheLoai], [MaKhuVuc], [MaCaSi], [MoTa], [HinhAnh], [File]) VALUES (22, N'Thằng Điên', 5, 1, 8, N'Giờ tôi lại lang thang 
Tình yêu thì miên man
Ngày xanh cùng mây tung tăng tựa mình bên phím đàn
Nhìn em mình ngơ ngác
Lòng anh chợt hơi khác
Tình yêu này đến đúng lúc thấy ánh sáng vụt qua
Nụ cười tỏa hương nắng
Bình minh và mây trắng
Hình như đều kêu tôi "ôi thôi tình yêu đến rồi!"
Chẳng ai phải thắc mắc
Còn tôi thì đã chắc
Nàng ơi nàng hãy đến chiếm lấy tâm hồn tôi

Mỉm cười lòng chợt bâng khuâng tôi chẳng biết mơ hay thật
Đợi chờ dù ngày hay đêm anh chỉ cần nghĩ cũng thấy vui..

I''m in love 
Màu nắng cuốn lấp chân mây mờ xa
I''m in love 
Thành phố chỉ thấy mỗi riêng mình ta
I''m in love 
Tựa đầu bên tình yêu mới thiết tha
Chỉ Crazy man fall in love 
I''m in love 
Hạnh phúc chỉ hết khi anh ngừng mơ
I''m in love 
Cuộc sống vốn dĩ trôi như vần thơ
I''m in love 
Ngả lưng bên cành cây lá xác xơ 
Mờ sương đưa tay anh ôm lấy em..
Dẫu biết chỉ là mơ.. Dẫu biết chỉ là mơ 
"Crazy man fall in love.."

Chơi vơi nơi mà loài người nhìn anh phiêu (như thằng điên)
Uh thì đâu ai muốn là người bình thường khi yêu (yêu thằng điên)
Anh đang mơ màng về bầu trời đầy trăng với sao, em như cô tiên, mình ca múa như 2 con điên trên đồi thảo nguyên (là la lá)
Here we are...em như Beyoncé hát hát
Here we are...anh như Jay-Z đang rap, rap về từng ngày nắng, về từng ngày gió, về từng ngày tháng có em
But i don''t know who you are..

Mỉm cười lòng chợt bâng khuâng tôi chẳng biết mơ hay thật
Đợi chờ dù ngày hay đêm anh chỉ cần nghĩ cũng thấy vui ..

I''m in love 
Màu nắng cuốn lấp chân mây mờ xa
I''m in love 
Thành phố chỉ thấy mỗi riêng mình ta
I''m in love 
Tựa đầu bên tình yêu mới thiết tha
Chỉ Crazy man fall in love 
I''m in love 
Hạnh phúc chỉ hết khi anh ngừng mơ
I''m in love 
Cuộc sống vốn dĩ trôi như vần thơ
I''m in love 
Ngả lưng bên cành cây lá xác xơ 
Mờ sương đưa tay anh ôm lấy em..
Dẫu biết chỉ là mơ..

Wake up, i''m wake up
Thu sang rồi, em thấy không
Em đi rồi, anh cứ mong chờ
Wake up, and wake up
Tiếng vỡ tan cơn mê màng
Đánh thức nơi thiên đàng anh mơ.. 
Nơi thiên đàng anh mơ..
Nơi có em là yên bình, anh mãi như thằng si tình
Dù đôi chân anh đi mòn lối vẫn mãi không về nơi em...

I''m in love 
Màu nắng cuốn lấp chân mây mờ xa
I''m in love 
Thành phố chỉ thấy mỗi riêng mình ta
I''m in love 
Tựa đầu bên tình yêu mới thiết tha
Chỉ Crazy man fall in love 
I''m in love 
Hạnh phúc chỉ hết khi anh ngừng mơ
I''m in love 
Cuộc sống vốn dĩ trôi như vần thơ
I''m in love 
Ngả lưng bên cành cây lá xác xơ 
Mờ sương đưa tay anh ôm lấy em..
Dẫu biết chỉ là mơ..

Bỏ quên thế giới
Mặc chiếc áo mới
Ngồi chờ em tới
Mưa rơi..

Bỏ quên thế giới
Mặc chiếc áo mới
Ngồi chờ em tới
Mưa rơi..
..Chỉ crazy man fall in love..', N'Icon-Thangdien.jpg', N'Thang-Dien-JustaTee-Phuong-Ly.mp3')
INSERT INTO [dbo].[BaiHat] ([MaBaiHat], [TenBaiHat], [MaTheLoai], [MaKhuVuc], [MaCaSi], [MoTa], [HinhAnh], [File]) VALUES (23, N'Về', 5, 1, 4, N'Em thấy không ai bên cạnh
Những vết thương sâu không lành
Trông ngóng nhưng không hy vọng
Giả dối đến nỗi đau lòng 
Anh biết em thương ai nhiều
Kê thuốc nỗi đau trăm liều
Em uống sao đau không lành
Em muốn anh ngay bên cạnh
Thật nhiều cơn đau đến bên em ngồi
Người mà em thương trước kia đâu rồi
Bỏ mặt em đứng khóc than giữa trời
Cần bình yên thôi, nỗi đau không mời 
Về đi... 
Anh sẽ về, anh sẽ về
Nhưng không phải hôm nay
Anh sẽ về, anh sẽ về
Hôm nay uống hơi say
Anh sẽ về, anh sẽ về
Em ơi em đừng khóc
Anh sẽ về, anh sẽ về
Sao lòng anh đầy lốc 
Rất nhiều lời trong lòng khoắc khoải
Mà chưa từng muốn nghe
Đôi chân anh nặng trĩu
Bước từng bước, trên từng chuyến xe
Anh tự đi, anh tự đi
Là do anh tự đi
Không đủ sức, không đủ sức
Vì do anh tự ti
Vì nếu ở lại
Mà em vẫn mắt lệ nhòa như mưa
Điện thoại em hư lần đó
Em có tìm người thay chưa?
Nhiều lần cố gọi hỏi thăm
Nhưng chắc là em đổi số
Vẫn tiếng thuê bao quý khách vừa gọi
Nhưng sao mà anh vẫn cố 
Trong cơn mưa phải khóc, phải khóc to lên
Cố gắng lắm mà sao buồn vẫn kêu tên
Anh đang đâu về đi, lạc nhau nữa rồi
Sau ban mai là mưa, là giông khắp trời 
Em không cho một ai được phép yêu em 
Bao kí ức ngày ấy liệu có nên xem 
Anh đang đâu về đi, buồn ngang mắt sầu 
Nghe cô đơn quẩn quanh quẩn quanh nỗi đau 

Thật nhiều cơn đau đến bên em ngồi
Người mà em thương trước kia đâu rồi 
Bỏ mặt em đứng khóc than giữa trời 
Cần bình yên thôi, nỗi đau không mời
Về đi...
Anh sẽ về, anh sẽ về
Nhưng không phải hôm nay
Anh sẽ về, anh sẽ về
Hôm nay uống hơi say
Anh sẽ về, anh sẽ về
Em ơi em đừng khóc
Anh sẽ về, anh sẽ về
Sao lòng anh đầy lốc 
Có hai con đường
Mà anh phải chọn là đi và ở
Anh nhớ cô gái hay cười đằng sau chiếc xe
Mà anh vẫn hay thường chở
Anh chọn như thế biết em sẽ khóc
Nhưng về sau em sẽ cười
Anh trốn như vậy
Để em khỏi kiếm như thể trò chơi năm mười
Sẽ không bao giờ quyết định lựa chọn thứ hai
Anh chọn cho em sung sướng
Đừng nên yêu kẻ trắng tay
Anh chọn cho anh đau khổ
Ra đi mà không một lời
Lạy chúa trên cao
Mong sao cô ấy có được tương lai rạng ngời 
Trong cơn mưa phải khóc, phải khóc to lên
Cố gắng lắm mà sao buồn vẫn kêu tên
Anh đang đâu về đi, lạc nhau nữa rồi
Sau ban mai là mưa, là giông khắp trời
Em không cho một ai được phép yêu em
Bao kí ức ngày ấy liệu có nên xem
Anh đang đâu về đi, buồn ngang mắt sầu
Nghe cô đơn quẩn quanh
Quẩn quanh nỗi đau 

Thật nhiều cơn đau đến bên
Thật nhiều cơn đau đến bên
Thật nhiều cơn đau đến bên
Thật nhiều cơn đau đến bên', N'Icon-Ve.jpg', N'Ve-Dat-G-DuUyen-BeeBB.mp3')
INSERT INTO [dbo].[BaiHat] ([MaBaiHat], [TenBaiHat], [MaTheLoai], [MaKhuVuc], [MaCaSi], [MoTa], [HinhAnh], [File]) VALUES (24, N'Vô Tình', 3, 1, 15, N'Đôi khi tôi vô tình nhìn thấy anh
Anh vô tình đi rất nhanh
Trái tim rung động theo từng câu hát
Lấp lánh những ánh đèn chiếu xung quanh
Tôi thấy mình trong mắt anh...
Nhưng có lẽ anh không nhận ra.
Tôi muốn nói anh nghe những tầm thường của thế giới ở ngoài kia,
Anh có biết không? Tôi muốn nói ra hết nhưng lại sợ mình không thể đi cùng nhau
Sợ người vô tình. Vô tình lạc mất anh, giữa thênh thang do dự rối ren
Anh có thể nắm tay em để em không phải tìm anh nữa không?
Sao anh vẫn chưa thấy em đã cố gắng để mình giống như Em vô tình như thế thôi !
Em vô tình yêu lấy anh mà sâu đậm như thế này?
Cùng em đi thật xa đến mọi nơi phương trời lạ
Phiêu bạt như những áng mây giữa đất trời
Rồi anh sẽ nhận ra những thứ sâu trong lòng em
Vô tình như là một giấc mơ dài cả đời.', N'Icon-Votinh.jpg', N'Vo-Tinh-Xesi-Hoaprox.mp3')
INSERT INTO [dbo].[BaiHat] ([MaBaiHat], [TenBaiHat], [MaTheLoai], [MaKhuVuc], [MaCaSi], [MoTa], [HinhAnh], [File]) VALUES (25, N'Xin Đừng Lặng Im', 2, 1, 13, N'Anh vẫn nhớ phút ấy khi anh rời xa
Người chẳng nói một lời… chỉ đứng yên vậy thôi
Em đã cất giấu hết bao nhiêu buồn đau…
Còn kí ức ngọt ngào anh mang theo dù ở đâu…
Làm gì để…trở về…???

Chorus:
Người đừng lặng im đến thế
Vì lặng im sẽ giết chết con tim!
Dù yêu thương chẳng còn…anh vẫn xin em nói một lời…
Ngoài kia bao la thế giới
Nhưng trong anh thế giới chỉ là em thôi
Mình xa nhau thật rồi…nhưng anh vẫn chờ đợi….

Đã có lúc cố gắng để hiểu được em
Rồi cứ thế mỏi mệt.. chỉ biết bên cạnh em
Đây có lẽ chẳng phải yêu thương trọn vẹn
Người tìm nơi bắt đầu..Người bỏ đi ở phía sau
Với tất cả nỗi sầu..!

Bridge:

Anh chẳng biết được là…
Khi tất cả đã qua em đã nghĩ điều gì?
Ngày anh cất bước đi…
Thà một lời rồi cùng buồn đau..còn hơn riêng em cố giấu….
Anh chẳng biết được là..
Xa nhau hay bước tiếp?
Êm đềm hay muộn phiền?
Cho nhau hai lối riêng?
Một lần để mai sau chẳng hề hối tiếc', N'Icon-xindunglangim.png', N'Xin-Dung-Lang-Im-Soobin-Hoang-Son.mp3')
INSERT INTO [dbo].[BaiHat] ([MaBaiHat], [TenBaiHat], [MaTheLoai], [MaKhuVuc], [MaCaSi], [MoTa], [HinhAnh], [File]) VALUES (26, N'You Of Yesterhay', 7, 1, 12, N'Liệu rằng chia tay trong em có quên được câu ca
Tình yêu khi xưa em trao cho anh đâu nào phôi pha
Đừng lừa dối con tim anh
Em sẽ không buông tay anh được đâu mà.

Gạt nước mắt yếu đuối đó cứ quay lại nơi anh
Em biết rằng cơn mưa qua
Đâu có che lấp được nụ cười đau thương kia
Nước mắt đó vẫn rơi vì em, no baby.

Don''t stare at me with stranger''s eyes
It''s not you the girl of mine
Now it''s different
You walked away and forgot me, yeahhh
The love we had is now apart
Don''t wanna be here alone
Don''t wanna be dreaming about you, babe.

[ĐK:]
Oh baby please, I want the girl of yesterday, ooh ooh ohh ohh
Just be the girl of yesterday, ooh ooh ooh ooh
Don''t leave me here all by myself, ooh ooh ooh ooh
Don''t leave me out and broken hearted, ooh ooh ooh ooh.

[Rap:]
Mưa đang rơi, đôi tay buông lơi
Mình anh ngồi đây tìm lại những khoảng không dường như chơi vơi
Thật ngu ngốc, vu vơ
Lang thang trên con đường tìm lại giấc mơ
Dường như đã quá xa và em không còn thiết tha.

Nắm lấy đôi tay anh muốn giữ em ở lại
Nếu cứ tiếp tục cả hai sẽ phải khổ đau
Đừng cố tỏ ra mạnh mẽ
Đó đâu phải là em
Vậy đi tạm biệt em.

Nhắm mắt lại hãy nghĩ đi
Lâu nay em sống cho mình em mà
Phải không em hỡi người
Tìm lại thời gian của riêng đôi ta
Nhưng sao trong anh đã quá tuyệt vọng
Sự thật đang bủa vây nơi anh.

* Em mang tiếng cười
Em mang hạnh phúc đi rời xa
Xung quanh chỉ còn mỗi anh và những nỗi đau
Hãy xóa sạch hết đi, đừng vấn vương
Vì em do em chính em hãy mang hết đi.

Người cứ vội vàng
Người cứ vội vàng
Xin hãy là em của ngày hôm qua
Người bước xa rồi
Và người đã bước xa rồi.', N'Icon-YouofYes.jpg', N'You-Of-Yesterday-Son-Tung-M-TP.mp3')
INSERT INTO [dbo].[BaiHat] ([MaBaiHat], [TenBaiHat], [MaTheLoai], [MaKhuVuc], [MaCaSi], [MoTa], [HinhAnh], [File]) VALUES (27, N'Mặt Trời Của Em', 4, 1, 23, N'Mặt trời kia dù ở đâu
Dù ngày trôi nhanh hay rất lâu
Dù là mình xa cách nhau 
Ánh sáng ấy vẫn là như thế
Vậy mà sau khi không có anh
Đoạn đường nào em đi cũng vắng tanh
Thời gian ơi xin hãy trôi nhanh để em được lại ở bên anh

Đôi mình yêu nhau từ khi anh nói với em
Rằng mỗi chiều khi trời nhá nhem
Anh lặng thầm và đi theo em
Cùng em qua con đường tối đèn
Đèn đường khuya dù không sáng lên
Đừng lo nhé có anh như mặt trời dịu êm

Giờ thì cứ thế người thì cứ thế
Cuốn lấy nhau
Em đâu hay nếu mai này mây trời
Giang tay che mất anh nhìn xa vời
Điều gì muốn đến rồi thì sẽ đến
Sẽ đến thôi
Em luôn tin phía sau cần ngủ mê
Anh sẽ về

Mặt trời kia dù ở đâu
Dù ngày trôi nhanh hay rất lâu
Dù là mình xa cách nhau 
Ánh sáng ấy vẫn là như thế
Vậy mà sau khi không có anh
Đoạn đường nào em đi cũng vắng tanh
Thời gian ơi xin hãy trôi nhanh để em được lại ở bên anh

I just wanna be with you 
I just wanna be with you 
I just wanna be wanna be with you

I just wanna be with you 
I just wanna be with you 
I just wanna be wanna be with you

Rap:
Just just just I''m just I''m just ah
Anh call để cho em nghe đôi lời
Anh đang ở nơi không em không người
Mây và gió đang thay lời anh nhớ em, nhớ luôn tiếng cười
Em núp sau màn mây nơi xa chân trời hay đang ở trong vòng tay bên ai kia rồi
Cause I''m in love with you you 
Cause I''m in love with you

Giờ thì cứ thế người thì cứ thế
Cuốn lấy nhau
Em đâu hay nếu mai này mây trời
Giang tay che mất anh nhìn xa vời
Điều gì muốn đến rồi thì sẽ đến
Sẽ đến thôi
Em luôn tin phía sau cần ngủ mê
Anh sẽ về

Mặt trời kia dù ở đâu
Dù ngày trôi nhanh hay rất lâu
Dù là mình xa cách nhau 
Ánh sáng ấy vẫn là như thế
Vậy mà sau khi không có anh
Đoạn đường nào em đi cũng vắng tanh
Thời gian ơi xin hãy trôi nhanh để em được lại ở bên anh

Mặt trời ở đâu cũng sẽ như thế
Không có anh, ánh sáng ấy không tới nơi em
Fly away just you and me
Fly away
Just wanna be with you

Mặt trời kia dù ở đâu
Dù ngày trôi nhanh hay rất lâu
Dù là mình xa cách nhau 
Ánh sáng ấy vẫn là như thế
Vậy mà sau khi không có anh
Đoạn đường nào em đi cũng vắng tanh
Thời gian ơi xin hãy trôi nhanh để em được lại ở bên anh

I just wanna be with you 
I just wanna be with you 
I just wanna be wanna be with you

I just wanna be with you 
I just wanna be with you 
I just wanna be wanna be with you', N'Icon-mattroicuaem.jpg', N'Mat-Troi-Cua-Em-Phuong-Ly-JustaTee.mp3')
SET IDENTITY_INSERT [dbo].[BaiHat] OFF
SET IDENTITY_INSERT [dbo].[TheLoai] ON
INSERT INTO [dbo].[TheLoai] ([MaTheLoai], [TenTheLoai]) VALUES (1, N'Classical')
INSERT INTO [dbo].[TheLoai] ([MaTheLoai], [TenTheLoai]) VALUES (2, N'Country')
INSERT INTO [dbo].[TheLoai] ([MaTheLoai], [TenTheLoai]) VALUES (3, N'Electronic')
INSERT INTO [dbo].[TheLoai] ([MaTheLoai], [TenTheLoai]) VALUES (4, N'Indie')
INSERT INTO [dbo].[TheLoai] ([MaTheLoai], [TenTheLoai]) VALUES (5, N'Rap')
INSERT INTO [dbo].[TheLoai] ([MaTheLoai], [TenTheLoai]) VALUES (6, N'Pop')
INSERT INTO [dbo].[TheLoai] ([MaTheLoai], [TenTheLoai]) VALUES (7, N'R&B')
INSERT INTO [dbo].[TheLoai] ([MaTheLoai], [TenTheLoai]) VALUES (8, N'Rock')
SET IDENTITY_INSERT [dbo].[TheLoai] OFF
SET IDENTITY_INSERT [dbo].[CaSi] ON
INSERT INTO [dbo].[CaSi] ([MaCaSi], [TenCaSi], [MoTa], [HinhAnh]) VALUES (1, N'Ariana Grande', N'Tên thật: Ariana Grande
Quốc gia: United States
Ngày sinh: 26/6/1993
Là một diễn viên, ca sĩ và nhạc sĩ người Mỹ. Ariana lớn lên ở Boca Raton, Florida. Cô xuất hiện lần đầu tiên trên sân khấu Broadway vào năm 2008 với vai Charlotte trong vở nhạc kịch 13. Từ năm 2010 đến năm 2013, cô thủ vai Cat Valentine trong các phim hài kịch tình huống Victorious, iCarly và Sam & Cat của Nickelodeon. 
Tháng 3 năm 2013, Grande đạt được thành công với đĩa đơn "The Way" từ album đầu tay Yours Truly của mình.', N'nghesi-Ariana Grande.jpg')
INSERT INTO [dbo].[CaSi] ([MaCaSi], [TenCaSi], [MoTa], [HinhAnh]) VALUES (2, N'B Ray', N'Tên thật: Trần Thiện Thanh Bảo
Quốc gia: Việt Nam
Ngày sinh: 11/10/1993
Bắt đầu nghe nhạc từ năm 14, sau 3 năm học hỏi thì B Ray đã bắt đầu bỏ những track làm bằng tiếng anh lên mạng. Dù được sự ủng hộ của 1 số ít, nhưng vì bất đồng trong ngôn ngữ nên nhạc đã không được đón nhận. Đến khoảng cuối năm 2012, B Ray đã quyết định rap bằng tiếng Việt. Dù đã có nhiều người bảo là không thích hợp và nên tiếp tục rap bằng tiếng anh, nhưng sau 1 khoảng thời gian, anh đã dần được biết đến hơn vào cuối năm 2013. 

B Ray được nhiều artist và fan cho là rapper hay nhất Việt Nam và Underground do lối dùng skill độc đáo, đa dạng, điêu luyện của mình. 

Những ca khúc mới nhất: 
One Time (2017) 
100 questions (2017) 
Bước đều bước (2017) 
Way back home (2017)', N'nghesi-bray.jpg')
INSERT INTO [dbo].[CaSi] ([MaCaSi], [TenCaSi], [MoTa], [HinhAnh]) VALUES (3, N'Black Pink', N'Tên thật: BLACKPINK
Quốc gia: South Korea
Ngày sinh: 08/08/2016
BLACKPINK (Hangul: 블랙핑크; Romaja quốc ngữ: Beullaek Pingkeu, thường được viết cách điệu thành BLACK PINK, BLACKPINK hay BLΛƆKPIИK) 

Vào ngày 29/06/2016, YG Entertainment đã chính thức tiết lộ girlgroup mới của họ sẽ chỉ gồm bốn thành viên đã công bố từ trước, đồng thời nhóm sẽ có tên là Black Pink. 

Đại diện YG Entertainment cho biết: "Ý nghĩa của tên gọi Black Pink là để phản bác lại cách nhìn nhận phổ biến về màu hồng. Hồng thường được sử dụng để thể hiện vẻ xinh đẹp nhưng BLACKPINK mang ý nghĩa "Xinh đẹp không phải là tất cả". Nó còn mang nghĩa biểu tượng rằng họ là một nhóm không chỉ sở hữu ngoại hình xinh đẹp mà còn cực kỳ tài năng và cá tính". 

Nhóm được thành lập vào năm 2016 và quản lý bởi công ty YG Entertainment bao gồm 4 thành viên: Jisoo sinh ngày 03/01/1995. 
Jennie sinh ngày 16/01/1996. 
Rosé sinh ngày 11/02/1997. 
Lisa sinh ngày 27/03/1997. 
YG thông báo rằng Black Pink sẽ không có trưởng nhóm vì công ty muốn cả bốn thành viên cùng hỗ trợ lẫn nhau. 

Nhóm chính thức ra mắt vào lúc 8:00PM (KST) ngày 08/08/2016 với hai đĩa đơn "BOOMBAYAH" và "Whistle", nằm trong album đĩa đơn đầu tay "SQUARE ONE". Black Pink lập kỉ lục là nhóm nhạc nữ được đề cử và giành chiến thắng trên các show âm nhạc nhanh nhất kể từ khi ra mắt và bắt đầu quảng bá. Nhóm được no.1 trên Inkigayo chỉ sau 13 ngày debut. 

Trước khi ra mắt: Ngày 01/06/2016, YG Entertainment bắt đầu giới thiệu hình ảnh teaser cho sự ra mắt của nhóm nhạc nữ mới, thành viên đầu tiên được tiết lộ là Jennie Kim, thực tập sinh khá nổi tiếng của YG, người trước đây đã hợp tác với các nghệ sĩ cùng công ty, trong đó có G-Dragon qua ca khúc "Black" (2012). 

Ngày 08/06, hình ảnh của thành viên Lisa, một cô nàng bí ẩn gây nhiều ấn tượng với những video được đăng tải trên kênh Youtube của công ty. Lisa là thành viên ngoại quốc đầu tiên trong lịch sử nhà YG và được biết đến là người duy nhất dành chiến thắng trong cuộc thi YG Audition tại Thái Lan vào năm 2010. 

Ngày 15/06, YG tiết lộ hình ảnh của thành viên Jisoo, thành viên lớn tuổi nhất, là người mẫu cho nhiều nhãn hiệu quảng cáo và diễn xuất trong nhiều video âm nhạc. 

Ngày 22/06, tiết lộ thành viên cuối cùng: Rosé. Người đã từng góp giọng trong ca khúc "Without You" (2012) của G-Dragon. 

Cuối cùng, vào ngày 29/06, YG Entertainment cho ra mắt những hình ảnh teaser của cả bốn thành viên đã tiết lộ trước đó và xác nhận nhóm sẽ mang tên BLACKPINK. 

Ngày 15/01/2017, Black Pink tiết lộ BLINK sẽ là tên fanclub chính thức của nhóm bằng một hình ảnh đăng tải lên Instagram. YG giải thích rằng họ đã lấy “BL” trong Black và “INK” trong “pink” để hợp thành từ Blink (nhấp nháy), mang ý nghĩa là cách mà Black Pink nhìn thấy người hâm mộ của họ. 

Sáng ngày 17/05, YGEX Entertainment (công ty hợp tác giữa YG và AVEX, chuyên phụ trách hoạt động của nghệ sĩ YG tại Nhật) đã thông báo rằng nhóm nhạc nữ Black Pink sẽ ra mắt tại thị trường Nhật Bản vào tháng 07. Để quảng bá cho nhóm, kể từ ngày 17/05, YVEX đã đăng tải hồ sơ của 4 thành viên Jennie, Jisoo, Rosé và Lisa lên website chính thức. 

Ngày 13/06/2017, YG đăng tải một hình ảnh teaser thông báo sự trở lại của Black Pink rằng nhóm sẽ trở lại vào ngày 22/06. 

Vào lúc 18:00 (KST), Black Pink chính thức tung ra ca khúc "As If It''s Your Last" và MV cùng tên. Bài hát đã nhanh chóng trở thành MV cán mốc 10 triệu view nhanh nhất đối với nhóm nhạc nữ khi nó chạm tay đến con số này trong vòng chưa đầy 17 tiếng. 

Các album đã phát hành: 
Square One (2016) 
Black Pink (2017) 
As If It''s Your Last (2017)', N'nghesi-blackpink.jpg')
INSERT INTO [dbo].[CaSi] ([MaCaSi], [TenCaSi], [MoTa], [HinhAnh]) VALUES (4, N'Đạt G', N'Tên thật: Nguyễn Tấn Đạt
Quốc gia: Việt Nam
Ngày sinh: 14/07/1995
Bắt đầu tham hoạt động nghệ thuật vào năm 2017,ca khúc đầu tiên mà ĐatG sáng tác và cũng chính anh thể hiện có tên Điều khác lạ,được rất là đông đảo các bạn trẻ trong giới Underground ưa chuộng,và đã được số người nghe trên youtube là 2.177.373 lượt xem,sau 1 tháng ra mắt,không dừng ở đó ĐatG tiếp tục cho ra mắt ca khúc Buồn của anh,đạt số lượng người nghe cực khủng trên youtube,mp3,nhaccuatui, ca khúc hay nhất thế giới top 53.ĐatG còn được biết đến với vai trò là ca sĩ,nhạc sĩ,rapper,nhà sản xuất,...là một yếu tố nhân tài trẻ vượt khó để nắm giữ đam mê của mình.', N'nghesi-datG.jpg')
INSERT INTO [dbo].[CaSi] ([MaCaSi], [TenCaSi], [MoTa], [HinhAnh]) VALUES (5, N'Erik', N'Tên thật: Lê Trung Thành
Quốc gia: Việt Nam
Ngày sinh: 13/10/1997
Lê Trung Thành được biết tới với nghệ danh Erik là một ca sĩ và vũ công. Erik từng tham gia chương trình Giọng hát Việt nhí năm 2013 và sau đó trở thành thành viên nhóm nhạc Monstar. 

Năm 2016, Erik gây tiếng vang lớn với ca khúc "Sau tất cả", giành được nhiều giải thưởng trong nước và giúp anh có được đề cử tại Giải thưởng Âm nhạc Cống hiến cùng năm cho "Nghệ sĩ mới xuất sắc nhất". 

Erik sinh tại Hà Nội, trong một gia đình không có ai theo nghệ thuật. Gia đình đã từng phản đối việc Erik chọn con đường nghệ thuật, một thỏa thuận được đặt ra là nếu Erik vượt qua vòng Giấu mặt của Giọng hát Việt nhí 2013 (The Voice Kids), gia đình sẽ tạo điều kiện cho anh theo đuổi con đường nghệ thuật. Kết quả là Erik đã vượt qua vòng thi giấu mặt và chọn gia nhập đội của huấn luyện viên Hiền Thục và kết thúc chương trình với vị trí top 15. 

Ngoài Giọng hát Việt nhí, Erik còn tham gia một số cuộc thi âm nhạc khác và đạt được các thành tích đáng khích lệ như: Giải vàng Giai điệu Tuổi hồng toàn quốc 2013. 
Top 25 chương trình Ngôi Sao Việt 2014, 
Top 4 The Winner Is năm 2014. 

Một năm sau chương trình Giọng hát Việt nhí 2013, Erik tham gia vào cuộc thi tuyển thực tập của St.319 Entertainment vào tháng 01/2015 và chính thức được lựa chọn làm thực tập sinh của công ty với hợp đồng đào tạo toàn diện về khả năng ca hát, nhảy múa, trình diễn chuyên nghiệp theo mô hình đào tạo của ngành công nghiệp giải trí Hàn Quốc trong vòng một năm. 

Năm 2016: Chính thức ra mắt với "Sau tất cả" 
Sau thời gian đào tạo, Erik chính thức ra mắt khán giả với sản phẩm âm nhạc đầu tay mang tên "Sau tất cả". ngày 11/01/2016, Trên trang Youtube của St.319 Entertainment xuất hiện bản Audio của ca khúc này. Sau đó hai ngày, một đoạn video khác giới thiệu về sự ra mắt của Erik, được cho là thành viên đầu tiên của dự án nhóm nhạc Monstar. Ngày 15/01, MV chính thức của ca khúc "Sau tất cả" được phát hành trên kênh Youtube của St.319 Entertainment. Ca khúc nhanh chóng trở thành cơn sốt không chỉ trong làng giải trí Việt Nam mà cả trong xã hội của Việt Nam suốt nửa đầu năm 2016, mang lại nhiều danh vọng và giải thưởng về cho anh. Sau Tất Cả cũng lọt vào danh sách "những câu nói kinh điển trên mạng xã hội năm 2016" do VnExpress bình chọn cũng như được rất nhiều ca sĩ, người nổi tiếng và fan nước ngoài cover lại. Trên các phương tiện truyền thông lớn, ca khúc này còn được gọi là "ca khúc quốc dân" của Việt Nam. 

Trong nửa đầu năm 2016, Erik đã tham gia ghi âm cho hai ca khúc nhạc phim bao gồm "Yêu & Yêu" là OST của phim Bệnh viện ma và "Tôi là ai trong em" của phim Taxi! Em tên gì? 

Nửa cuối năm 2016, sau khi tung bản thu và bản vũ đạo của ca khúc Turn It Up thì vào ngày 06/09, St.319 Entertainment chính thức tung MV ra mắt nhóm nhạc mới mang tên Monstar bao gồm ba thành viên là Erik, Nicky, Key, trong đó Erik chính là giọng chính của nhóm. 

Tháng 12, với cương vị là Đại sứ du lịch Việt-Hàn do Tổng cục du lịch Hàn Quốc lựa chọn, Monstar đã tham gia chuỗi hoạt động quảng bá du lịch của mình tại Hàn Quốc mà trong đó điểm nhấn là việc cho ra mắt MV quảng bá du lịch Hàn Quốc có tựa đề "Love Rain". Tham gia MV có sự góp mặt của nữ diễn viên Choi Jin Hee từng tham gia vai diễn nữ y tá Park Kwan Hee trong bộ phim Hậu duệ mặt trời. 

Năm 2017: Scandal & Rời khỏi St.319 Entertainment 
Vào những ngày cuối năm 2016 và đầu năm 2017, Erik tiếp tục cho ra mắt một sản phẩm solo khác của mình là ca khúc "Lạc nhau có phải muôn đời", đây là ca khúc OST cho bộ phim Chờ em đến ngày mai. Ca khúc ba gồm một bản audio và một MV. Ca khúc này cùng những thành công của các ca khúc nhạc phim trước đó đã giúp Erik được chính thức được giới truyền thông và khán giả đặt biệt là "Hoàng tử nhạc phim". Tham gia vào MV có sự góp mặt của hai diễn viên chính là người mẫu Quang Đại và Miss Teen 2012 Thu Trang. 

Vào tháng 2, Erik và St.319 Entertainment đã xảy ra mâu thuẫn sâu sắc vì vấn đề hợp đồng lao động giữa nghệ sĩ và công ty quản lý. Tranh cãi này là sự kiện tốn bút mực của giới báo chí trong nước, hai bên phải nhờ đến pháp luật can thiệp vì không thể giải quyết bằng cách thương lượng. Erik quyết định rời khỏi Monstar lẫn St.319 Entertainment và trở thành ca sĩ tự do. Trong các hoạt động sau này, nhiều lần Erik và Monstar cùng tham gia một sự kiện, họ vẫn thoải mái nói chuyện và chụp ảnh chung. 

Ba tháng sau scandal, Erik với tư cách là ca sĩ tự do đã hợp tác cùng một cựu ca sĩ khác của St.319 Entertainment là Min cho ra mắt MV mới có tựa đề Ghen. MV đã nhận được nhiều sự chú ý của khán giả đánh dấu sự trở lại mạnh mẽ của anh sau scandal cũng như sự thú vị khi hai nghệ sĩ cùng là những ca sĩ do St.319 Entertainment đào tạo, quản lý lúc trước. Ca khúc được sản xuất bởi AD Production và do nhạc sĩ Khắc Hưng sáng tác, đây được coi là một sự trùng hợp thú vị khác khi Khắc Hưng chính là người đã phối hợp với St.319 Entertainment để cho ra đời ca khúc Sau Tất Cả làm nên tên tuổi của Erik. Ca khúc này còn lập được những thành tích cao trên các bảng xếp hạng âm nhạc Việt Nam, sau hơn 4 ngày lên sóng, Ghen đã cán mốc 3,5 triệu lượt xem và đứng nhất trên top trending của Youtube tại Việt Nam. 

Các album đã phát hành: 
Sau Tất Cả (2016) 
Taxi, Em Tên Gì OST (2016) 
Yêu Và Yêu (Single) (2016) 
Lạc Nhau Có Phải Muôn Đời (Single) (2016) 
Happy Ending (Single) (2017) 
Chưa Bao Giờ Mẹ Kể (Single) (2017) 
Chờ Nhau Nhé (Single) (2017) 
Từ Bỏ (Cover) (Single) (2017) 
Đi Rồi Sẽ Đến (Single) (2017) 
Ghen (Single) (2017) 
Ghen (Hoaprox Remix) (2017) 
Yêu Chưa Bao Giờ Là Sai (Single) (2017) 
Mẹ Yêu (Single) (2017) 
MAMA 2017 Mashup (Single) (2017)', N'nghesi-erik.jpg')
INSERT INTO [dbo].[CaSi] ([MaCaSi], [TenCaSi], [MoTa], [HinhAnh]) VALUES (6, N'Hương Giang', N'Tên thật: Nguyễn Hương Giang
Quốc gia: Việt Nam
Ngày sinh: 29/12/1992
Nguyễn Hương Giang sinh năm 1991 được chú ý tại cuộc thi Vietnam idol 2012 không chỉ bởi giọng hát triển vọng mà còn ở chuyện chuyển đổi giới tính của mình. 

Hương Giang Idol tên thật là Nguyễn Ngọc Hiếu. Cô được biết đến là một ca sĩ có giọng hát triển vọng. Sau lọt vào top 4 Việt Nam Idol khán giả biết đến cô nhiều hơn. 

Điều làm nhiều người chú ý và quan tâm đến Hương Giang nhiều hơn chính là sự can đảm và khát khao khẳng định mình. Sau khi câu chuyện chuyển giới được đưa lên báo chí, rất nhiều khán giả đã tỏ ra mến mộ và yêu quí thí sinh này. Có lẽ cũng vì thế mà Hương Giang giành được quyền đi thẳng vào vòng Gala vì đứng đầu trong top những thí sinh có lượt bình chọn cao nhất. 
Dù là người chuyển giới, nhưng Hương Giang sở hữu một gương mặt đẹp và giọng hát tốt. 

Các giải thưởng của cô: 
Top 4 Việt Nam Idol 2012 
Quán quân cuộc đua kỳ thú 2014 

Các album đã phát hành: 
Thủy Ngân (2013) 
Trà Chanh Acoustic (Single) (2013) 
Mùa Ta Đã Yêu (2013) 
Khi Chúng Ta Già (Single) (2013) 
Tình Yêu Đau Đớn Thế (2013) 
Trò Đùa Tạo Hóa (2013) 
Cảm Thấy Mệt Mỏi (2014) 
Ai Đẹp Nhất Đêm Nay (2015) 
Đốm Tròn Vệt Nắng (Single) (2015) 
Từ Ngày Mai Em Sẽ Khác (2015) 
Mưa Nhớ (2016) 
Tình Nhân (2016) 
Em Không Hối Tiếc (Single) (2016) 
Go Away (The Remix 2017) (2017)', N'nghesi-huonggiang.jpg')
INSERT INTO [dbo].[CaSi] ([MaCaSi], [TenCaSi], [MoTa], [HinhAnh]) VALUES (7, N'Jennie', N'Tên thật: Jennie Kim
Quốc gia: South Korea
Ngày sinh: 16/1/1996
Jennie Kim sinh ngày 16 tháng 1 năm 1996), thường được biết đến với nghệ danh Jennie (Hangul: 제니), là một nữ ca sĩ, rapper gốc Hàn Quốc, từng là du học sinh ở New Zealand, thành viên của nhóm nhạc nữ Black Pink do công ty giải trí YG Entertainment thành lập và quản lý.', N'nghesi-jennie.jpg')
INSERT INTO [dbo].[CaSi] ([MaCaSi], [TenCaSi], [MoTa], [HinhAnh]) VALUES (8, N'JustaTee', N'Tên thật: Nguyễn Thanh Tuấn
Quốc gia: Việt Nam
Ngày sinh: 01/11/1991
Là thành viên cũ của Click Click Boom, đang là thành viên trong Joker''s Rule và LadyKillah Proz 
Khả năng: Composer, singer, mixer, beatzmaker 
Kinh nghiệm : Sáng tác và hát hơn 5 năm 
Chất giọng: Smooth 
Thể loại: R''nB everystyle 
Hiện đang là Music Producer của LadyKillah Proz - Nhóm các Rappers/Singers hàng đầu VN như Lil''Knight, Emily, Mr.T, Yanbi,Mr.A, Bueno, Phúc Bồ, TmT, Big Daddy..... 
Chất giọng: Smooth 
Thể loại : R&B/Hiphop 
Phong cách ăn mặc : Original 
Là 1 ca sỹ đi lên từ Underground với mức cảm nhạc khác người, họ nói anh là người đầu tiên mang đến định nghĩa thực về dòng nhạc R&B, khi mà trước đó chỉ là những bài hát Pop ngộ nhận, và đến bây giờ cũng chưa có nhiều người nhận thức đúng về dòng nhạc này 

Tiểu sử : 
Bắt đầu sáng tác từ năm 2004 với nick name JayTee, sau này được đổi thành JustaTee 
2005 - 2008 : Là Rapper/Singer/Music producer trong nhóm Click Click Boom - nhóm nhạc rap đa thành viên đầu tiên tại Việt Nam 
2008 : Bắt đầu đánh dấu sự nghiệp R&B 
2010 : Cùng Lil'' Knight đồng sáng lập nên LadyKillah với sự điều hành của Mr.J ( Jan Saker ) làm nên website R&B/Hiphop lớn mạnh nhất hiện nay 
20/08/2010: Ra mắt mini album JUST-A-TEE đánh dấu tên tuổi mình trên nền nhạc R&B của nước nhà . 
Ca khúc "Sau tất cả", với sự góp giọng của JustaTee và BigDaddy đã trở thành bài hit đình đám trong thế giới nhạc Việt. Trong chương trình The Remix - Hòa âm ánh sáng 2016, "cặp bài trùng" này lại tiếp tục có màn phối hợp ăn ý trong ca khúc "Về nhà ăn tết", ca khúc này đã trở thành bản hit trong những ngày đầu năm mới 2016. Trong năm 2016, "cặp bài trùng" này tiếp tục hợp tác trong single "Dù anh có đứng lại", một ca khúc mạng đậm cá tính của cả hai giọng ca, khiến khán giả phát cuồng về sự mới lạ trong phong cách. 
Những bài hát mang lại tên tuổi JustaTee : Người Lạ Nơi Cuối Đường, Imma HeartBreaker, K part 2, Không Tin 1 Sớm Mai Bình Yên REMIX, Call Me The Liar...', N'nghesi-jaT.jpg')
INSERT INTO [dbo].[CaSi] ([MaCaSi], [TenCaSi], [MoTa], [HinhAnh]) VALUES (9, N'Justin Bieber', N'Tên thật: Justin Drew Bieber
Quốc gia: Canada
Ngày sinh: 01/03/1994
Justin Bieber tên khai sinh là Justin Drew Bieber, sinh ngày 1 
tháng 3 năm 1994. Anh là một ca sĩ nhạc Pop/R&B người Canada. 
Những clip của anh được Scooter Braun xem tại Youtube, hiện nay ông là 
quản lí của Justin Bieber. Braun và Justin đã đến Atlanta, Georgia để 
thảo luận với Usher. Anh là dự án đầu nối giữa Braun và Usher được gọi 
là Raymond-Braun Music Group, sau đó là L.A. Reid và Island Def Jam. 
Đĩa đơn đầu tiên của anh là One Time đã phát hành vào hè năm 2009, 
được lọt vào bảng xếp hạng 30 trong 10 quốc gia và nằm trong album đầu 
tiên My World ra mắt công chúng vào ngày 17-11-2009, nhận được nhiều lời 
khen từ RIAA, nơi đã đưa Justin lên đỉnh cao nhất của các nghệ sĩ mới 
trong năm. Bản thu đầy đủ đầu tiên của anh My World 2.0 đã được ra mắt 
vào ngày 23-3-2010 và được giới thiệu qua hit Baby. Anh sẽ bắt tay vào 
tour đầu tiên của minh có tên là My World Tour vào hè 2010. 
Justin Bieber còn là ngôi sao hot nhất của năm 2009 của tạp chí J-14, 
nghệ sĩ mới của năm do MuchMusic( một kênh truyền hình âm nhac của 
Canada bằng tiếng Anh) bình chọn và là 1 trong Top 10 ngôi sao trên 
Youtube của thập niên 2000 theo danh sách của Celebuzz.', N'nghesi-jb.jpg')
INSERT INTO [dbo].[CaSi] ([MaCaSi], [TenCaSi], [MoTa], [HinhAnh]) VALUES (10, N'Mr Siso', N'Tên thật: Vương Quốc Tuân
Quốc gia: Việt Nam
Ngày sinh: 18/11/1982
Là một nhạc sỹ có khả năng tự trình bày những ca khúc do chính anh sáng tác được khán giả đặc biệt yêu thích. Từ năm 2008, Mr. Siro sớm có được những bài HIT đầu tay như Em, Melancholy, Mây, Giấc Mơ Của Anh, I miss you từ năm cho đến gần đây (2012, 2013, 2014) Mr. Siro lập HIT liên tục với những sáng tác liên tiếp đứng đầu các bảng xếp hạng trong suốt nhiều tuần liền như Lắng Nghe Nước Mắt, Bức Tranh Từ Nước Mắt, Không Cần Thêm Một Ai Nữa (ft BigDaddy), Em Đã Sai Vì Em Tin (Bích Phương). Gần đây nhất là bài Em Gái Mưa (Hương Tràm) đang nằm trong top bảng xếp hạng của Zing MP3. 
Năm 2013, anh đạt nhiều giải thưởng quan trọng do Làn Sóng Xanh và Zing Music Award trao giúp con đường âm nhạc của ngày ngày một rộng mở hơn. 
"Vô Hình Trong Tim Em" là một sáng tác mà Mr. Siro muốn làm mới dòng nhạc sở trường của mình, hiện đại hơn so với những bài ballad êm dịu trước đó nhưng vẫn giữ được sự sâu sắc trong ca từ và sự mượt mà trong giai điệu. Ca khúc vừa tung ra đã nhanh chóng tạo được sức ảnh hưởng trên cộng đồng mạng khi liên tục được khán giả chia sẻ và đăng tải trên các mạng xã hội. 
Âm nhạc mr. Siro luôn nhẹ nhàng, nhưng lại da diết và mang cảm giác day dứt, ám ảnh rất sâu mỗi khi nghe. Ngoài những bản tình ca luôn chạm được đến trái tim khán giả, Mr. Siro còn là người thầy rất có tâm, có trách nhiệm đặc biệt đối với những tài năng âm nhạc trẻ mà anh đang dẫn dắt. Trong thời gian sắp tới mr. Siro hy vọng sẽ tiếp tục gặt hái được nhiều thành công hơn nữa.', N'nghesi-mrsiro.jpg')
INSERT INTO [dbo].[CaSi] ([MaCaSi], [TenCaSi], [MoTa], [HinhAnh]) VALUES (11, N'Nguyễn Trọng Tài', N'Tên thật: Nguyễn Trọng Tài
Quốc gia: Việt Nam', N'nghesi-nguyentrongtai.jpg')
INSERT INTO [dbo].[CaSi] ([MaCaSi], [TenCaSi], [MoTa], [HinhAnh]) VALUES (12, N'Sơn Tùng M-TP', N'Tên thật: Nguyễn Thanh Tùng
Quốc gia: Việt Nam
Ngày sinh: 05/07/1994
M-TP tên thật là Nguyễn Thanh Tùng. Cậu thanh niên sinh năm 1994 ở Thái Bình sớm bị hip hop hớp hồn giống như bao bạn bè đồng trang lứa. Và với niềm đam mê này, M-TP quyết tâm khăn gói tới Hà Nội học hỏi thêm về hip hop. Sau khi tốt nghiệp cấp 3, anh chàng dự định sẽ đầu quân làm học viên tại Học viện M4Me để rèn rũa khả năng ca hát, sáng tác... trước khi chính thức theo đuổi con đường âm nhạc. 

Ngoài đam mê ca hát, M-TP còn có khả năng sáng tác, chơi piano và nhảy cực "đỉnh". Với thế mạnh này, anh chàng không ngừng cố gắng học tập các bậc đàn anh đàn chị và đã có trong tay một hành trang khá "khủng" những sáng tác của riêng mình. 

Sự nghiệp âm nhạc: 

Tháng 8/2011: M-TP phát hành ca khúc "Cơn Mưa Ngang Qua" lên mạng, ngay lập tức nó trở thành một ca khúc hot lúc bấy giờ khi mà chỉ sau hai tháng, đã có hơn 1.7 triệu lượt nghe - con số mà những ca sĩ kỳ cựu như Đàm Vĩnh Hưng, Hồ Ngọc Hà... cũng phải mơ ước. 

Năm 2012, với tổng điểm 25,5đ, M-TP trở thành thủ khoa Nhạc viện TP.HCM. Cậu chia sẻ rằng "chia sẻ cảm xúc: "Mặc dù khá tự tin sau khi kết thúc buổi thi nhưng mình vẫn không khỏi ngạc nhiên và hạnh phúc khi biết được kết quả thi. Đây thực sự là một món quà vô cùng ý nghĩa để bù đắp cho những nỗ lực của mình trong suốt thời gian ôn luyện vừa qua" 

Để lại nhiều ấn tượng trong lòng khán giả khi M-TP trình diễn thành công ca khúc "Cơn Mưa Ngang Qua" tại Bài Hát Yêu Thích tháng 10/2012 và tiếp tục nhận giải thưởng hát hát yêu thích của tháng trong chương trình là động lực rất lớn cho M-TP tiếp tục phấn đấu trong con đường âm nhạc chuyên nghiệp. Sau Bài Hát Yêu Thích, M-TP còn được mời tham gia biểu diễn trong đêm công bố kết quả Top 9 Vietnam Idol 2012. 

Tại Zing Mp3, "Cơn Mưa Ngang Qua" như là cút hít đầu tiên của cậu ca sĩ trẻ M-TP bước vào làng nhạc trẻ. Tính đến tháng 11/2014, ca khúc đạt được 64,278,735 lượt nghe. 

Năm 2013, anh đầu quân về công ty Văn Production JSC của nhạc sĩ Huy Tuấn và chính thức đổi nghệ danh thành Sơn Tùng M-TP để hoạt động âm nhạc chuyên nghiệp. Vào giữa năm, Sơn Tùng phát hành 2 đĩa đơn "Đừng Về Trễ" và "Em Của Ngày Hôm Qua" trong đó "Đừng Về Trễ" đoạt giải Bài hát yêu thích 

Với "Em Của Ngày Hôm Qua", ca khúc này đã trở thành một bài hit lớn trong sự nghiệp của Sơn Tùng M-TP khi ca khúc này liên tiếp chiếm giữ vị trí số 1 tại bảng xếp hạng của Zing Mp3 ở cả hai hạng mục là Bài hát và Video clip. 08/09/2014, MV "Em Của Ngày Hôm Qua" chính thức đạt hơn 40 triệu lượt xem trên Youtube trong vòng 9 tháng. Đây là một con số kỷ lục đối với MV nhạc Việt tình cho thời điểm bấy giờ. Dù gặp phải rất nhiều ý kiến xung quanh việc đạo nhạc nhưng không thể phủ nhận sức nóng của những ca khúc mà Sơn Tùng biểu diễn kể từ "Nắng Ấm Xa Dần", "Cơn Mưa Ngang Qua" 

Vào đầu năm 2014, anh hợp tác với Phương Thanh, Quang Dũng, Vy Oanh, Ngô Kiến Huy, Ông Cao Thắng, Đông Nhi, Hồ Trung Dũng, Phương Vy và Đinh Hương, tất cả cùng nhau có mặt trong ca khúc mang tên "Sống Như Những Đóa Hoa" và cũng được phát hành làm đĩa đơn. 

Cùng trong năm 2014, Sơn Tùng M-TP đảm nhận vai nam chính trong bộ phim nhựa "Chàng Trai Năm Ấy" của đạo diễn Quang Huy. Việc anh hóa thân vào ca sĩ Wanbi Tuấn Anh trên màn ảnh rộng đã thu hút được rất nhiều sự quan tâm từ truyền thông và người hâm mộ. 

Ngày 23/10/2014, ca khúc trích trong bộ phim "Chàng Trai Năm Ấy" do Sơn Tùng M-TP sáng tác và thể hiện mang tên "Chắc Ai Đó Sẽ Về" ra mắt đầu tiên tại Zing Mp3, từ hiện tượng "Em Của Ngày Hôm Qua" ca khúc này lập tức trở thành bài hit khác của Sơn Tùng, chỉ trong vòng 24 giờ ra mắt "Chắc Ai Đó Sẽ Về" đã đạt được gần 5 triệu lượt nghe. 

Tuy nhiên, cũng như "Em Của Ngày Hôm Qua" khi ra mắt, ca khúc này dính ngay nghi án đạo nhạc từ một ca khúc khác của Hàn Quốc mang tên "Because I Miss You" do trưởng nhóm CN Blue, Jung Yong Hwa trình bày, ca khúc này trích trong bộ truyền hình tại Hàn Quốc mang tên "Heartstrings". Vấn đề đạo nhạc của ca khúc "Chắc Ai Đó Sẽ Về" đã trở thành đề tài tranh luận gay gắt trên các phương tiện truyền thông, nhiều nhạc sĩ tên tuổi đã vào cuộc để mổ xẻ, phân tích chuyên môn về hai ca khúc này. Ca khúc "Chắc Ai Đó Sẽ Về" và bộ phim "Chàng Trai Năm Ấy" trở thành tâm điểm của giới truyền thông trong suốt thời gian đấy. 

Sau khi nhận được đơn giải trình từ đạo diễn Nguyễn Quang Huy, Cục Bản quyền đã đề nghị Hội Âm nhạc họp để đánh giá ca khúc này có đạo nhạc hay không. Hội Âm nhạc gồm các nhạc sĩ tên tuổi như Phó Đức Phương, Trương Ngọc Ninh, Võ Thiện Thanh, Đỗ Bảo… đã có cuộc họp kín vào sáng 10/11/2014 và tất cả đều tán đồng ý kiến ca khúc "Chắc Ai Đó Sẽ Về" là sản phẩm đạo nhạc. Ý kiến trong cuộc họp này được cấu thành văn bản và gửi đến Cục Bản quyền để đề nghị xử lý. Nhạc sĩ Phó Đức Phương bình luận, Sơn Tùng M-TP đã đạo nhạc một cách tinh vi. Còn nhạc sĩ Trương Ngọc Ninh cho biết, ca khúc của Sơn Tùng giống bản gốc tới 80%. 

Với kết quả trên, vô hình chung đã ảnh hưởng đến tiến độ ra mắt của bộ phim "Chàng Trai Năm Ấy", dự kiến ra rạp vào ngày 14/11/2014. Đạo diễn của bộ phim là Nguyễn Quang Huy quyết định dời ngày công chiếu vì những vấn đề liên quan đến ca khúc "Chắc Ai Đó Sẽ Về". 

Trong thời cùng gian trên, Sơn Tùng M-TP nhiều lần bị tố tự hủy show diễn, đền hợp đồng biểu diễn.. Cho đến việc lùm xùm hợp đồng với công ty quản lý của mình, cụ thể là Văn Production JSC. Tất cả những sự việc không hay trên ít nhiều đã ảnh hưởng đến sự nghiệp của Sơn Tùng M-TP khi tài năng và sức trẻ đang ở trong giai đoạn bắt đầu phát triển.Đầu năm 2015, Sơn Tùng M-TP tham gia chương trình thực tế The Remix - Hòa âm Ánh sáng. Qua từng đêm thi, anh khẳng định được tài năng và thực lực của bản thân với các tiết mục đầu tư nghiêm túc, những màn trình diễn độc đáo, cùng khả năng sáng tác cực ổn với các ca khúc như "Thái Bình mồ hôi rơi", "Khuôn mặt đáng thương", "Cơn mưa ngang qua"...[9] 

Tháng 7 năm 2015, kỷ niệm sinh nhật lần thứ 21 của mình, Sơn Tùng M-TP đã tổ chức một mini-show kết hợp buổi fan-meeting đầu tiên trong sự nghiệp mang tên “M-TP and Friends”. Chỉ trong vòng 2 tuần sau khi mở bán, 8.000 vé đã được bán hết.Ngày 24 tháng 1 năm 2016, Sơn Tùng M-TP tung ra MV " Một năm mới bình an".2017: Rời khỏi WePro, thành lập M-TP Entertainment. "Lạc trôi" và "Nơi này có anh"Ngày 22 tháng 8 năm 2017 , Sơn Tùng kết hợp với SlimV ra bản remix mới của "Remember Me" 

Ngày 8 tháng 9 năm 2017 , Sơn Tùng ra mắt Music Video 360 Lạc Trôi do TRIPLE D Remix 

Ngày 30 tháng 9 năm 2017, Sơn Tùng ra mắt tự truyện "Chạm tới giấc mơ", bán được 10000 bản trong 2 ngày.', N'nghesi-mtp.jpg')
INSERT INTO [dbo].[CaSi] ([MaCaSi], [TenCaSi], [MoTa], [HinhAnh]) VALUES (13, N'Sobin Hoàng Sơn', N'Tên thật: Nguyễn Hoàng Sơn
Quốc gia: Việt Nam
Ngày sinh: 10/09/1992

Là một ca sĩ, nhạc sĩ và rapper trẻ đang được nhiều người yêu mến và Soobin hiện là ca sĩ của SpaceSpeakers Music Productionz. 
Tuy Hoàng Sơn sinh ra và lớn lên ở Hà Nội nhưng anh lại tập trung phát triển sự nghiệp ca hát của mình hơn trong những năm gần đây tại Tp. HCM. 

Sở trường của Soobin Hoàng Sơn là các ca khúc R&B, thế nhưng mới đây nam ca sĩ Hà Thành này lại khiến khán giả không khỏi bất ngờ khi phát hành ca khúc mang phong cách pop ballad có tựa đề "Phía sau một cô gái", một sáng tác của nữ ca nhạc sĩ Tiên Cookie - Đánh dấu một nét nổi bật mới dành cho nam ca sĩ này. Không chỉ đổi mới về phong cách âm nhạc, Soobin Hoàng Sơn còn trau chuốt về hình ảnh lẫn giọng hát trong sản phẩm âm nhạc mới này. 
Bài hát này còn là một trong những bài hát được nghe nhiều nhất tại Việt Nam trong năm 2016. Tính đến ngày 10 tháng 10 năm 2017, bản Audio chính thức đã thu hút được 238,971,037 lượt nghe trên Zing Mp3.', N'nghesi-sobin.jpg')
INSERT INTO [dbo].[CaSi] ([MaCaSi], [TenCaSi], [MoTa], [HinhAnh]) VALUES (14, N'Tiên Tiên', N'Tên thật: Huỳnh Nữ Thủy Tiên
Quốc gia: Việt Nam
Ngày sinh: 23/01/1991
Tiên Tiên là học sinh ưu tú của Soul Music Academy, cô được học bổng năm 2014 tại ngôi trường do Thanh Bùi làm hiệu trưởng. Những sáng tác của cô được mọi người biết đến như : Giữ em đi(Thùy Chi), Chưa bao giờ(Trung Quân idol)..vv.. 

Tiên Tiên tự học nhạc cụ và sau đó tự ghi hình để đưa các demo của mình lên mạng.Tiên Tiên trở thành "hiện tượng âm nhạc" khi ra mắt các single do chính mình sáng tác và thể hiện là "My Everything", "Say You Do", "Vì tôi còn sống" với không khí vui tươi, tràn đầy năng lượng và truyền tải cảm hứng đến hàng triệu người nghe. Cô vẫn đang nỗ lực để cho ra những sản phẩm âm nhạc chất lượng cho các ca sĩ trẻ VN và trong tương lai sẽ có những sản phẩm cho riêng mình. 

-Giải thưởng Bài hát yêu thích tháng 1 của Bài hát yêu thích 2015 
-Tác giả có nhiều ca khúc được yêu thích của Làn sóng xanh 2015 
-Bài hát hiện tượng của Làn sóng xanh 2015 
-Gương mặt ấn tượng của Zing Music Awards 2015 
-Ca khúc của năm của Zing Music Awards 2015 
-Nghệ sĩ mới của năm của Zing Music Awards 2015 
-Nghệ sĩ có nhiều tác phẩm được yêu thích Zing Music Awards 2015 
-Ca sĩ đột phá YAN Vpop 20 Awards năm 2015 
-Top 5 Đại sứ truyền cảm hứng We Choice Awards 2015 
-Top 5 nghệ sĩ đột phá nhất năm We Choice Awards 2015 
-Top 10 nhân vật truyền cảm hứng We Choice Awards 2015 
-Ca khúc chủ đề cho album truyền cảm hứng We Choice Awards 2015 “Trái tim vàng son”. 
-Nghệ sĩ mới của năm, đề cử Bài hát của năm tại Giải thưởng âm nhạc Cống hiến 2015 
-Các album đã phát hành: My Everything (Debut Single-2015) / Say You Do (2nd Single) / (2015) Vì Tôi Còn Sống (3rd Single) / (2015) Đi Về Đâu (Single) / Về Với Em Đi (Single) (2017) I Lab You (Single) (2017)', N'nghesi-tientien.jpg')
INSERT INTO [dbo].[CaSi] ([MaCaSi], [TenCaSi], [MoTa], [HinhAnh]) VALUES (15, N'Xesi', N'Tên thật: Trần Hải Yến
Quốc gia: Việt Nam
Ngày sinh: 6/9/2000
Xesi là nữ ca sĩ hát bài Túy Âm nổi tiếng thời gian gần đây. Gia đình không có ai theo nghệ thuật, nhưng được cái bố mẹ rất ủng hộ Xesi theo đuổi ước mơ. 

Xesi hiện đang là 1 thành viên của The New Generation. Bắt đầu nghe RAP từ lớp 10, từng bước tập viết nhạc vào cuối năm lớp 11. Cô gái này gây ấn tượng bởi cá tính mạnh mẽ và chất giọng khỏe khoắn, tràn đầy nội lực. Nghe Xesi hát thấy như từng ca từ đi vào lòng người, làm rung động đến trái tim, đặc biệt bài Túy Âm. 

Ca khúc Túy Âm được sáng tác sau khi nghe câu chuyện tình yêu thời cấp 3 của một người bạn cùng đam mê. Vì thế, Xesi đã kể lại câu chuyện đó bằng âm nhạc, nghĩa của từ Túy Âm là người đàn ông không chỉ say trong men rượu mà còn say trong âm nhạc.Hiện tại, ngoài chăm chỉ đến trường để hoàn thành việc học cuối cấp, Xesi cũng đang thử thách bản thân ở những ý tưởng lạ hơn, hứa hẹn mang lại cho người yêu âm nhạc những tác phẩm ''gây nghiện'' hơn nữa.Xesi sáng tác "Túy âm" sau khi nghe được câu chuyện tình yêu thời cấp 3 của một người bạn. Lời tâm sự trong cơn say không có mở đầu và kết thúc nhưng cảm xúc chân thật khiến Xesi muốn kể lại bằng âm nhạc. 

Sau hơn 1 tháng phát hành, "Túy âm" đã đạt hơn 39 triệu lượt xem trên Youtube. Túy âm" được coi là "Despacito" của Việt Nam bởi gây nghiện khiến ngưới nghe không dứt ra được. Điều ấn tượng nhất là "cha đẻ" của ca khúc gây nghiện là bộ 3 mới toanh trong giới Underground: Xesi, nhà sản xuất âm nhạc Masew và Nhật Nguyễn. Cơ duyên đưa Xesi quen biết "phù thủy phối khí" Masew và Nhật Nguyễn hết sức tình cờ. Những tác phẩm trước của Masew và Nhật Nguyễn để lại nhiều ấn tượng cho Xesi và muốn có cơ hội hợp tác. Vì khoảng cách địa lý, nhóm thường xuyên trò chuyện trên mạng xã hội. "Túy âm" là sản phẩm tâm huyết của bộ ba tài năng trong 3 tháng. 

Các album đã phát hành: 
Túy Âm (Single) (2017)', N'nghesi-xesi.jpg')
INSERT INTO [dbo].[CaSi] ([MaCaSi], [TenCaSi], [MoTa], [HinhAnh]) VALUES (23, N'Phương Ly', N'Tên thật: Trần Phương Ly
Quốc gia: Việt Nam
Ngày sinh: 1990
Phương Ly vốn được khán giả bắt đầu biết đến khi tham gia chương trình Vietnam Idol năm 2007. 

Sau chương trình, Phương Ly gần như im hơn lặng tiếng và ít xuất hiện trên các phương tiện truyền thông trừ những lúc tham gia biểu diễn cùng chị gái - nữ ca sỹ Phương Linh. 

Phương Ly là cô em gái của ca sĩ Phương Linh (cô đã đạt được giải Nhì, của dòng nhạc Nhẹ, trong cuộc thi Sao Mai năm 2005). Cô quyết tâm không là cái bóng của chị mình, Phương Ly đã tự tin xây dựng cho chính mình một hướng đi riêng, khác biệt. Phương Ly cũng đã từng được lọt vào trong Top 30 Vietnam Idol năm 2007. 

Đầu năm 2015, Phương Ly bắt đầu trở lại showbiz và đầu quân vào công ty OnOn Entertainment. 

Với phong cách quyến rũ, mạnh mẽ và cá tính, Phương Ly được kỳ vọng sẽ mang lại màu sắc mới cho thị trường âm nhạc hiện tại. 

Các album phát hành: 
Crush On You (Single) (2016) 
Mặt Trời Của Em (Single) (2017)', N'PhuongLy.jpg')
SET IDENTITY_INSERT [dbo].[CaSi] OFF
